Car_ID,Brand,Model,Year,Fuel_Type,Transmission,Kms_Driven,Present_Price,Selling_Price,Region
79,Toyota,ModelI,2014,Diesel,Manual,141645.0,30.87,5.19,East
821,Kia,ModelH,2020,Petrol,Automatic,6577.0,11.99,38.05,North
152,Mercedes,ModelI,2009,Petrol,Automatic,30216.0,35.81,1.67,East
1039,BMW,ModelJ,2021,Electric,Manual,44405.0,24.02,22.39,South
337,Honda,ModelB,2019,Petrol,Manual,53785.0,18.26,,East
452,Hyundai,ModelJ,2006,Electric,Automatic,56322.0,24.67,24.63,South
741,Ford,ModelG,2011,Petrol,Manual,20689.0,48.69,37.27,North
1130,Tata,ModelH,2015,Diesel,Manual,92245.0,38.75,10.88,West
872,Toyota,ModelA,2012,CNG,Manual,79694.0,10.27,34.32,South
832,Toyota,ModelF,2011,CNG,Manual,199844.0,2.11,24.29,West
829,Audi,ModelE,2007,Petrol,Manual,70431.0,45.76,5.91,West
853,Ford,ModelD,2008,Electric,Manual,96319.0,29.58,36.74,East
577,Toyota,ModelE,2009,Electric,Automatic,149923.0,7.71,4.98,North
702,Audi,ModelB,2023,Electric,Manual,176653.0,21.58,12.63,West
1064,Kia,ModelH,2022,Diesel,Manual,158885.0,26.44,41.11,South
104,Mercedes,ModelF,2011,Petrol,Manual,76117.0,16.38,21.24,West
370,Mercedes,ModelH,2018,Electric,Manual,80609.0,8.29,17.66,East
489,Ford,ModelD,2013,Electric,Manual,96563.0,6.65,,North
287,Honda,ModelA,2024,CNG,Automatic,150486.0,21.31,35.14,West
153,Audi,ModelH,2007,Diesel,Manual,168539.0,46.57,35.35,North
312,Honda,ModelA,2020,Diesel,Manual,50436.0,21.35,3.36,North
305,Hyundai,ModelB,2024,Electric,Manual,,40.81,9.48,West
996,Kia,ModelF,2019,Diesel,Manual,132870.0,38.03,20.21,North
1162,Honda,ModelD,2024,Electric,Manual,115776.0,2.76,16.1,East
1051,Toyota,ModelJ,2019,Petrol,Automatic,97691.0,19.22,1.48,South
592,Ford,ModelE,2019,CNG,Automatic,27837.0,43.84,33.09,North
956,Toyota,ModelF,2016,Electric,Manual,24065.0,31.33,38.79,North
389,BMW,ModelA,2013,Electric,Automatic,144418.0,22.49,3.75,North
288,BMW,ModelI,2010,Petrol,Automatic,150399.0,16.3,20.66,East
949,Audi,ModelE,2013,Diesel,Automatic,56796.0,33.58,2.6,West
386,Kia,ModelB,2008,Electric,Manual,162195.0,35.08,2.45,North
209,Kia,ModelC,2012,Electric,Manual,161697.0,10.62,35.1,West
745,Hyundai,ModelJ,2013,Diesel,Automatic,,37.37,3.4,South
755,BMW,ModelH,2010,Diesel,Automatic,,32.29,42.01,South
397,Honda,ModelF,2013,CNG,Manual,180220.0,41.49,22.42,South
1084,Toyota,ModelJ,2007,Petrol,Automatic,6301.0,49.05,29.85,East
901,Hyundai,ModelD,2015,Petrol,Automatic,115195.0,44.03,38.42,South
174,Toyota,ModelH,2010,Diesel,Automatic,86006.0,36.61,10.48,South
616,Tata,ModelF,2021,Diesel,Manual,137447.0,49.23,1.78,South
488,Hyundai,ModelH,2015,Petrol,Automatic,19308.0,44.37,2.14,North
1056,Mercedes,ModelG,2019,Diesel,Manual,184893.0,48.19,35.51,East
126,Ford,ModelE,2010,Electric,Manual,136936.0,46.96,44.99,West
405,Audi,ModelI,2020,Electric,Manual,154762.0,26.63,20.76,North
860,Mahindra,ModelA,2022,Petrol,Automatic,100558.0,42.32,17.82,South
867,Kia,ModelF,2021,CNG,Manual,156285.0,13.01,3.35,North
603,Audi,ModelF,2008,Diesel,Manual,107484.0,32.94,13.28,West
982,Honda,ModelH,2021,Diesel,Automatic,176349.0,31.86,6.96,South
1040,Kia,ModelE,2016,Diesel,Manual,99000.0,10.72,30.22,South
530,Kia,ModelF,2006,Electric,Manual,87733.0,8.31,2.28,East
230,Mahindra,ModelC,2012,Diesel,Automatic,105211.0,,30.57,South
103,Mercedes,ModelE,2008,Diesel,Automatic,125562.0,40.67,14.32,West
1047,Honda,ModelI,2017,CNG,Automatic,12465.0,8.01,7.97,North
1179,Honda,ModelJ,2017,CNG,Manual,112041.0,42.95,3.46,East
296,Toyota,ModelG,2016,Electric,Manual,77255.0,23.61,24.83,South
961,Mahindra,ModelE,2015,Electric,Manual,67287.0,8.13,28.14,North
315,Audi,ModelH,2016,Electric,Manual,27490.0,7.8,31.37,North
729,Honda,ModelJ,2019,CNG,Manual,12987.0,33.77,,West
70,Mahindra,ModelE,2010,Electric,Manual,166636.0,28.57,31.77,West
406,Mercedes,ModelF,2021,Diesel,Automatic,63502.0,36.34,36.04,North
663,Hyundai,ModelC,2013,CNG,Manual,34863.0,16.23,21.86,South
977,Ford,ModelG,2014,Electric,Automatic,31312.0,32.9,42.04,South
682,Tata,ModelC,2005,Petrol,Manual,96873.0,23.35,44.99,South
554,Toyota,ModelJ,2014,Petrol,Manual,99242.0,2.33,24.08,South
33,BMW,ModelG,2018,CNG,Automatic,64754.0,42.75,9.08,North
1117,Tata,ModelD,2021,Electric,Automatic,101426.0,26.13,22.36,West
986,Ford,ModelD,2008,Diesel,Manual,106025.0,36.43,21.58,East
203,Mahindra,ModelE,2019,CNG,Manual,7035.0,4.38,42.4,West
1168,Tata,ModelE,2018,Diesel,Manual,108247.0,15.16,17.19,North
321,Audi,ModelG,2020,CNG,Automatic,6539.0,6.76,12.71,South
463,Kia,ModelG,2023,CNG,Manual,102628.0,5.07,38.77,North
927,Honda,ModelC,2007,CNG,Manual,161536.0,6.03,8.02,South
294,Hyundai,ModelF,2006,Petrol,Automatic,100790.0,47.32,,North
50,Tata,ModelD,2023,Electric,Automatic,33992.0,11.66,20.96,North
885,Kia,ModelB,2008,Diesel,Manual,147767.0,,40.97,North
17,Honda,ModelA,2024,Electric,Manual,,20.15,9.12,North
106,BMW,ModelG,2022,Electric,Automatic,39782.0,,17.25,South
250,Toyota,ModelA,2017,Electric,Automatic,96404.0,15.92,25.73,South
433,Kia,ModelH,2018,Petrol,Manual,17720.0,15.93,43.37,North
558,Mercedes,ModelD,2013,,Manual,175733.0,27.08,43.8,West
672,Toyota,ModelG,2017,CNG,Manual,130629.0,34.01,20.44,North
395,Kia,ModelI,2013,Diesel,Automatic,6184.0,9.61,39.86,North
20,Honda,ModelJ,2009,Electric,Automatic,38065.0,11.57,33.16,West
444,Ford,ModelB,2008,CNG,Manual,82242.0,25.4,10.09,West
671,Hyundai,ModelJ,2006,Diesel,Manual,55210.0,27.16,40.1,East
784,Kia,ModelG,2009,Diesel,Automatic,5731.0,34.97,20.0,East
1089,Hyundai,ModelC,2015,CNG,Manual,176947.0,32.39,,East
329,Toyota,ModelB,2013,Electric,Manual,116048.0,13.31,25.7,West
188,Kia,ModelH,2023,Electric,Manual,132251.0,26.32,18.1,North
555,Audi,ModelI,2018,Diesel,Manual,145262.0,38.67,29.68,North
404,BMW,ModelA,2013,Electric,Automatic,95385.0,10.43,10.67,North
630,Honda,ModelH,2022,CNG,Manual,8159.0,36.67,16.79,North
290,Toyota,ModelH,2010,Electric,Automatic,137018.0,9.43,,West
241,Hyundai,ModelH,2022,Diesel,Manual,78369.0,21.4,,East
124,Mercedes,ModelB,2014,Electric,Manual,72789.0,22.08,5.44,South
1029,Mercedes,ModelJ,2016,CNG,Automatic,172619.0,14.02,15.08,West
1068,Mercedes,ModelG,2013,Electric,Manual,164132.0,27.6,1.22,West
1000,Mahindra,ModelE,2010,Petrol,Automatic,73689.0,14.92,18.08,East
110,Hyundai,ModelC,2010,Petrol,Automatic,192990.0,26.53,39.83,North
199,Honda,ModelJ,2024,CNG,Automatic,179004.0,43.4,3.24,North
428,BMW,ModelB,2017,Electric,Manual,164629.0,2.93,20.52,South
117,Kia,ModelC,2014,CNG,Automatic,38377.0,8.64,18.14,South
46,BMW,ModelD,2017,Petrol,Automatic,50256.0,44.08,2.52,North
980,BMW,ModelD,2019,CNG,Manual,193680.0,18.57,35.54,North
248,Tata,ModelE,2020,CNG,Manual,169439.0,42.71,16.06,North
943,Tata,ModelI,2005,Electric,Manual,36105.0,36.03,11.94,West
350,Honda,ModelC,2022,Petrol,Automatic,33633.0,13.64,35.1,South
470,Mahindra,ModelB,2018,CNG,Automatic,42038.0,14.42,22.99,North
285,Audi,ModelG,2007,Diesel,Manual,40932.0,24.86,1.45,East
67,Ford,ModelC,2020,Petrol,Manual,,41.81,,North
679,Toyota,ModelC,2011,Petrol,Manual,90473.0,17.16,39.82,East
130,Mercedes,ModelG,2008,Diesel,Manual,128664.0,7.19,41.51,North
335,Kia,ModelG,2019,Diesel,Automatic,13947.0,46.09,36.04,North
183,Toyota,ModelB,2006,Petrol,Manual,183363.0,36.94,25.5,East
1030,Hyundai,ModelD,2008,Diesel,Automatic,47818.0,41.92,37.89,North
524,BMW,ModelB,2019,CNG,Manual,167023.0,43.88,8.8,East
6,Kia,ModelJ,2006,Diesel,Manual,89149.0,48.45,8.5,North
542,Mercedes,ModelC,2016,Diesel,Manual,161497.0,9.71,35.41,South
1174,Honda,ModelG,2022,Electric,Manual,8225.0,4.14,35.3,East
846,Tata,ModelC,2024,Diesel,Automatic,129069.0,34.83,41.79,South
109,Audi,ModelI,2008,Diesel,Automatic,77684.0,34.0,1.44,South
369,BMW,ModelE,2023,Electric,Manual,54593.0,46.83,30.3,South
16,BMW,ModelJ,2008,Diesel,Automatic,67559.0,24.68,13.24,South
991,Tata,ModelB,2019,Diesel,Automatic,171765.0,47.38,25.46,East
372,Audi,ModelC,2007,Diesel,Automatic,131700.0,26.38,39.46,West
549,BMW,ModelG,2014,Petrol,Automatic,175956.0,8.67,30.16,East
1183,Audi,ModelE,2015,Diesel,Manual,197150.0,24.78,15.19,East
724,Kia,ModelA,2010,Diesel,Automatic,63755.0,21.1,15.65,East
893,Toyota,ModelB,2020,Diesel,Automatic,39159.0,29.52,23.39,South
1126,Tata,ModelB,2012,Petrol,Automatic,125654.0,36.26,,West
78,Mahindra,ModelJ,2024,CNG,Manual,142207.0,39.98,34.29,East
699,Honda,ModelD,2021,Diesel,Manual,86441.0,49.91,25.63,West
613,Kia,ModelA,2015,Diesel,Automatic,196830.0,8.58,12.49,West
989,Ford,ModelF,2024,CNG,Automatic,14637.0,2.92,40.06,North
1127,Honda,ModelG,2008,CNG,Automatic,175797.0,41.27,36.63,West
914,Tata,ModelB,2016,Diesel,Manual,183734.0,49.03,23.38,North
951,Mercedes,ModelD,2011,Diesel,Manual,132732.0,39.75,4.23,East
419,BMW,ModelD,2005,Diesel,Automatic,153929.0,18.89,12.81,West
310,Toyota,ModelJ,2022,CNG,Automatic,88384.0,3.8,26.58,South
621,Ford,ModelG,2006,Electric,Manual,142046.0,29.31,31.0,East
98,Mercedes,ModelJ,2021,Petrol,Automatic,14615.0,20.26,3.71,South
352,Audi,ModelJ,2005,Diesel,Manual,69550.0,46.37,36.08,East
958,Mercedes,ModelG,2012,Electric,Automatic,110072.0,19.32,18.68,North
1172,Mercedes,ModelF,2024,CNG,Manual,121045.0,20.49,34.16,West
787,Mercedes,ModelF,2009,Petrol,Manual,6605.0,15.62,27.51,East
355,Kia,ModelC,2018,Petrol,Automatic,39069.0,19.73,7.04,West
461,Mercedes,ModelJ,2010,,Automatic,122358.0,37.04,4.52,North
479,BMW,ModelJ,2018,Electric,Manual,188791.0,39.83,31.64,East
669,Kia,ModelE,2007,Diesel,Automatic,44255.0,30.08,32.19,South
920,BMW,ModelG,2011,CNG,Automatic,34424.0,10.51,2.77,East
806,Toyota,ModelG,2012,Diesel,Automatic,6515.0,2.92,15.8,North
237,Mercedes,ModelH,2019,Petrol,Manual,70911.0,18.81,8.2,East
848,Ford,ModelG,2018,CNG,Manual,142293.0,27.0,17.7,North
169,Mercedes,ModelA,2013,CNG,Automatic,39754.0,36.17,8.0,East
851,Honda,ModelF,2024,Electric,Automatic,117660.0,41.28,24.37,East
430,Honda,ModelJ,2012,Electric,Automatic,111719.0,21.89,19.1,West
515,Hyundai,ModelH,2016,,Automatic,164163.0,13.33,41.15,North
1119,Tata,ModelB,2015,Petrol,Automatic,197376.0,35.67,21.74,East
1193,BMW,ModelE,2009,Electric,Automatic,156100.0,28.6,35.57,North
374,Hyundai,ModelI,2023,Diesel,Automatic,91597.0,16.91,32.4,North
1052,Hyundai,ModelB,2015,CNG,Manual,43871.0,32.29,31.84,East
790,Honda,ModelG,2012,Diesel,Automatic,165337.0,38.44,33.36,North
1019,Toyota,ModelB,2012,Electric,Automatic,136300.0,8.27,26.97,North
523,Ford,ModelJ,2017,Diesel,Automatic,191504.0,33.41,16.67,South
1097,Ford,ModelF,2015,Electric,Automatic,65892.0,3.78,20.29,East
915,Mahindra,ModelC,2009,CNG,Automatic,91988.0,43.69,32.73,South
960,Audi,ModelC,2008,Petrol,Automatic,94360.0,26.0,33.24,West
557,Toyota,ModelE,2023,Petrol,Automatic,175521.0,39.41,34.76,North
965,Toyota,ModelI,2014,Diesel,Manual,142126.0,32.48,12.41,West
107,Hyundai,ModelE,2007,CNG,Automatic,83533.0,31.68,8.02,West
1164,Hyundai,ModelC,2007,Petrol,Manual,111300.0,48.12,4.22,West
780,Kia,ModelA,2011,Diesel,Automatic,107892.0,23.16,14.63,North
633,Mahindra,ModelI,2015,CNG,Manual,107834.0,36.29,14.4,East
964,Mercedes,ModelJ,2021,Diesel,Manual,167947.0,3.65,,North
1070,Ford,ModelH,2005,Petrol,Manual,77104.0,40.43,9.69,North
654,Hyundai,ModelF,2017,,Manual,166304.0,25.98,40.02,South
608,Tata,ModelJ,2024,,Automatic,15304.0,39.33,26.14,West
1106,Honda,ModelA,2015,Petrol,Automatic,113047.0,48.47,36.54,West
147,Mahindra,ModelC,2014,Electric,Manual,84788.0,8.75,41.99,West
58,Audi,ModelI,2021,Electric,Automatic,12452.0,17.07,39.07,North
735,Mercedes,ModelJ,2018,CNG,Manual,14873.0,18.47,28.63,East
129,Mercedes,ModelG,2017,CNG,Automatic,149738.0,10.56,7.21,East
201,Audi,ModelH,2018,Petrol,Manual,80986.0,42.91,16.0,East
295,Toyota,ModelC,2019,Petrol,Manual,151612.0,49.78,40.86,West
917,Hyundai,ModelJ,2021,Diesel,Manual,146215.0,4.22,15.33,South
47,Honda,ModelD,2016,Electric,Automatic,158263.0,36.99,6.6,West
952,Hyundai,ModelI,2008,Petrol,Manual,150698.0,13.7,40.34,West
1015,Tata,ModelJ,2013,CNG,Manual,134648.0,45.76,18.9,East
877,Audi,ModelF,2015,CNG,Manual,43185.0,18.4,4.19,East
863,Kia,ModelC,2013,CNG,Automatic,7716.0,13.37,38.92,North
431,Ford,ModelG,2016,Diesel,Manual,128099.0,46.92,7.39,East
881,Toyota,ModelA,2013,,Automatic,59970.0,,32.28,South
504,Ford,ModelB,2017,CNG,Automatic,19506.0,44.99,25.19,East
150,Mahindra,ModelA,2009,CNG,Automatic,20960.0,37.9,23.89,South
1196,Mahindra,ModelI,2007,Diesel,Manual,113255.0,36.85,,West
579,Mahindra,ModelJ,2010,Diesel,Manual,181819.0,25.21,12.58,East
733,Hyundai,ModelA,2021,CNG,Manual,71323.0,16.73,5.34,North
30,Ford,ModelH,2021,CNG,Automatic,176541.0,11.94,,East
23,Kia,ModelA,2011,CNG,Manual,38783.0,29.64,11.45,North
726,Ford,ModelJ,2010,,Manual,,18.24,5.69,West
214,Ford,ModelC,2016,CNG,Automatic,199999.0,,36.37,North
267,Toyota,ModelI,2013,CNG,Automatic,87666.0,37.68,19.55,North
688,Audi,ModelE,2008,Electric,Manual,143421.0,23.79,43.37,East
906,Tata,ModelF,2015,Electric,Automatic,124501.0,17.15,29.28,South
65,Honda,ModelI,2008,Diesel,Manual,116462.0,14.56,39.73,North
118,Mercedes,ModelB,2011,Electric,Manual,111244.0,37.43,11.61,South
377,Ford,ModelD,2017,CNG,Automatic,122333.0,24.41,9.72,East
1123,Hyundai,ModelJ,2012,Petrol,Automatic,9011.0,18.4,41.24,West
193,Tata,ModelJ,2010,CNG,Manual,143202.0,5.35,39.84,South
719,BMW,ModelH,2023,Electric,Automatic,115782.0,43.2,35.25,North
984,Hyundai,ModelE,2024,Petrol,Manual,94813.0,48.04,37.49,West
536,Honda,ModelG,2023,CNG,Manual,37230.0,28.42,10.34,West
627,Ford,ModelA,2008,Electric,Manual,39650.0,2.1,13.49,East
725,Toyota,ModelD,2008,Electric,Manual,,46.71,6.5,East
645,Toyota,ModelI,2009,Electric,Manual,84436.0,23.84,20.3,West
289,Toyota,ModelA,2022,CNG,Manual,118880.0,32.02,20.69,North
827,Honda,ModelA,2006,Diesel,Manual,123680.0,41.97,34.26,East
102,Toyota,ModelJ,2010,Diesel,Automatic,196591.0,31.43,29.58,North
701,Mercedes,ModelF,2008,Diesel,Automatic,86788.0,12.7,27.87,North
1112,Tata,ModelJ,2010,Electric,Automatic,7895.0,48.32,18.5,South
708,Hyundai,ModelD,2015,Diesel,Manual,120721.0,26.68,36.5,North
3,Tata,ModelJ,2021,CNG,Automatic,185418.0,28.49,,West
660,BMW,ModelB,2008,Petrol,Manual,92980.0,6.09,1.76,East
275,Hyundai,ModelI,2006,CNG,Automatic,53291.0,3.69,30.57,East
1059,BMW,ModelF,2019,CNG,Automatic,197454.0,25.02,34.69,South
774,Tata,ModelD,2023,Electric,Manual,136870.0,11.74,27.02,East
1058,Audi,ModelH,2010,Electric,Manual,49462.0,15.89,4.63,South
1073,Ford,ModelG,2006,Electric,Automatic,127013.0,3.99,35.07,East
1110,Honda,ModelI,2010,CNG,Automatic,199215.0,29.24,29.71,East
1135,BMW,ModelD,2016,Electric,Manual,112529.0,43.28,39.5,East
328,Tata,ModelB,2010,Petrol,Manual,68965.0,3.56,20.49,East
928,Tata,ModelB,2016,Electric,Manual,119012.0,38.96,40.44,West
1182,Mahindra,ModelA,2014,Diesel,Automatic,187952.0,11.2,8.44,North
384,Kia,ModelE,2018,Petrol,Automatic,142161.0,24.82,3.18,East
100,Tata,ModelA,2009,Diesel,Manual,135499.0,27.51,10.01,South
73,Honda,ModelB,2015,Petrol,Manual,74517.0,16.99,24.45,North
453,Toyota,ModelC,2013,Electric,Manual,162550.0,17.57,33.44,West
962,Toyota,ModelC,2007,Petrol,Manual,187774.0,29.95,1.13,South
457,Honda,ModelF,2010,Petrol,Manual,105699.0,30.21,30.75,North
636,Tata,ModelA,2018,Petrol,Manual,6073.0,23.56,11.0,North
156,BMW,ModelI,2023,,Automatic,198119.0,14.72,36.61,South
422,Toyota,ModelG,2008,CNG,Manual,188320.0,7.98,,East
678,Toyota,ModelA,2015,Diesel,Automatic,132466.0,32.87,33.44,West
261,Honda,ModelF,2015,Electric,Automatic,131299.0,17.23,31.03,South
1133,BMW,ModelB,2024,CNG,Manual,106010.0,41.32,33.31,North
764,Mahindra,ModelD,2007,CNG,Automatic,153246.0,38.15,38.53,South
495,BMW,ModelA,2023,Electric,Manual,172896.0,15.04,27.75,South
264,Hyundai,ModelH,2010,Petrol,Manual,163124.0,6.91,44.07,North
198,Ford,ModelA,2011,Petrol,Automatic,179131.0,42.15,40.73,North
751,BMW,ModelI,2021,CNG,Automatic,16772.0,23.42,42.17,East
618,Honda,ModelF,2010,CNG,Automatic,27092.0,42.89,24.3,East
1146,Ford,ModelA,2012,CNG,Manual,193305.0,46.85,4.14,South
981,Ford,ModelG,2010,Diesel,Manual,105963.0,10.29,35.99,South
2,Ford,ModelF,2016,CNG,Automatic,45130.0,35.06,44.05,South
788,Hyundai,ModelE,2017,Petrol,Manual,82506.0,35.31,5.72,West
768,Audi,ModelD,2016,Petrol,Manual,153630.0,21.26,16.99,North
1157,Ford,ModelI,2023,Electric,Manual,54699.0,46.04,43.59,West
1194,Kia,ModelG,2015,Diesel,Manual,191637.0,,15.33,South
220,Tata,ModelC,2011,Petrol,Manual,190550.0,,5.51,West
985,Ford,ModelG,2015,Electric,Automatic,192669.0,11.23,14.32,West
813,Honda,ModelG,2023,Petrol,Manual,36186.0,12.45,2.31,South
291,BMW,ModelB,2023,Petrol,Manual,19693.0,19.9,41.46,North
565,Mercedes,ModelE,2007,CNG,Manual,48894.0,25.81,25.17,East
402,Toyota,ModelH,2013,Petrol,Automatic,140028.0,33.24,42.65,South
500,Hyundai,ModelE,2015,Petrol,Automatic,194933.0,8.4,6.13,West
120,Mahindra,ModelG,2018,Diesel,Automatic,172706.0,47.06,16.84,South
696,Mercedes,ModelE,2011,CNG,Automatic,184047.0,39.88,3.84,West
1061,Toyota,ModelA,2018,Diesel,Manual,107072.0,2.23,22.06,North
284,Hyundai,ModelB,2009,Electric,Automatic,40315.0,42.56,8.71,North
598,Mahindra,ModelI,2005,Petrol,Manual,65973.0,,14.45,West
1079,Toyota,ModelA,2022,CNG,Automatic,,16.37,28.55,West
27,Kia,ModelC,2008,Electric,Automatic,187574.0,6.18,42.59,North
469,Hyundai,ModelC,2012,Electric,Automatic,13531.0,20.86,,North
63,Honda,ModelH,2021,Diesel,Automatic,37083.0,25.39,30.35,South
658,Audi,ModelF,2017,Petrol,Manual,110468.0,14.09,26.3,North
477,Ford,ModelI,2010,Diesel,Automatic,174292.0,31.29,23.84,North
481,Ford,ModelC,2012,Petrol,Automatic,61652.0,27.64,11.59,West
690,Honda,ModelH,2021,Electric,Manual,32464.0,29.46,8.81,North
462,Toyota,ModelC,2012,Diesel,Manual,41133.0,19.17,16.82,West
930,Mercedes,ModelB,2011,CNG,Manual,178137.0,49.45,21.05,West
552,Hyundai,ModelF,2015,Electric,Manual,74322.0,47.53,9.84,South
1109,Mercedes,ModelI,2023,Electric,Manual,14269.0,10.78,43.32,South
1007,BMW,ModelJ,2020,Diesel,Manual,38896.0,29.75,10.74,South
302,Tata,ModelD,2020,Petrol,Automatic,,18.41,3.64,West
52,Toyota,ModelB,2017,Diesel,Manual,114975.0,7.52,33.06,North
518,BMW,ModelC,2017,Diesel,Manual,154682.0,10.74,20.26,North
7,Hyundai,ModelF,2024,Electric,Manual,8009.0,33.57,20.68,South
506,Audi,ModelF,2017,Diesel,Manual,31026.0,13.5,8.45,East
972,Toyota,ModelI,2010,Electric,Automatic,164379.0,13.94,38.97,West
1034,BMW,ModelH,2024,Electric,Automatic,118221.0,32.58,15.15,West
286,Tata,ModelB,2013,Petrol,Automatic,157236.0,34.15,7.55,South
451,BMW,ModelF,2006,Diesel,Manual,5924.0,14.61,10.21,East
351,Mercedes,ModelA,2023,Petrol,Manual,29495.0,16.0,33.35,South
710,Ford,ModelD,2009,Diesel,Automatic,28283.0,14.24,1.66,North
84,Toyota,ModelH,2021,Electric,Automatic,81623.0,23.41,30.6,South
1069,Toyota,ModelE,2015,CNG,Automatic,194938.0,49.81,41.38,North
939,Toyota,ModelF,2013,CNG,Manual,88981.0,6.44,16.23,South
1006,Tata,ModelE,2020,CNG,Automatic,15345.0,5.33,43.81,South
392,BMW,ModelB,2018,Diesel,Manual,54556.0,36.89,31.15,South
1053,Audi,ModelJ,2015,Electric,Manual,198946.0,,5.98,East
43,Kia,ModelH,2021,Petrol,Automatic,192464.0,,26.66,West
539,Kia,ModelI,2024,Diesel,Automatic,184736.0,42.2,12.37,West
143,Mahindra,ModelJ,2024,Petrol,Manual,196896.0,,31.0,North
992,Audi,ModelE,2021,CNG,Manual,145896.0,32.34,18.77,West
681,Honda,ModelJ,2023,Diesel,Automatic,166679.0,12.55,33.89,East
935,Mercedes,ModelF,2017,Petrol,Automatic,8775.0,12.23,18.25,East
4,BMW,ModelG,2018,CNG,Automatic,,13.61,5.68,East
426,Kia,ModelJ,2005,Petrol,Manual,109186.0,5.8,11.48,South
1199,Toyota,ModelD,2023,Petrol,Manual,122769.0,31.02,4.5,South
1088,Toyota,ModelG,2017,CNG,Automatic,29466.0,7.84,26.71,North
944,Tata,ModelF,2008,Diesel,Automatic,149740.0,45.49,1.68,South
119,Mercedes,ModelJ,2007,Electric,Automatic,179188.0,43.13,1.69,North
971,Kia,ModelC,2009,CNG,Automatic,94156.0,36.32,7.76,East
694,Mahindra,ModelJ,2023,Petrol,Automatic,88791.0,22.96,27.32,East
823,BMW,ModelF,2006,Diesel,Automatic,164422.0,14.16,30.01,North
925,Kia,ModelB,2022,Petrol,Manual,67699.0,34.59,16.35,West
338,Mahindra,ModelD,2007,Electric,Manual,124963.0,21.45,30.05,North
1072,Toyota,ModelI,2010,CNG,Manual,149926.0,32.49,33.4,North
48,Ford,ModelC,2010,Electric,Manual,91803.0,16.47,41.25,West
236,BMW,ModelI,2019,Petrol,Manual,88886.0,33.38,28.77,East
610,Tata,ModelH,2014,Petrol,Manual,140830.0,10.45,24.02,South
858,Audi,ModelI,2018,Diesel,Automatic,57335.0,23.71,25.17,East
897,Mahindra,ModelC,2021,Electric,Manual,,47.74,39.31,East
754,Audi,ModelJ,2023,Petrol,Automatic,194603.0,14.2,36.21,North
606,Mahindra,ModelD,2005,,Manual,76576.0,32.51,2.83,East
442,Honda,ModelH,2024,Petrol,Manual,,45.63,16.35,East
1004,Ford,ModelF,2024,CNG,Automatic,15400.0,18.88,1.59,East
60,Kia,ModelA,2015,Petrol,Manual,19859.0,12.4,33.01,West
652,Honda,ModelD,2013,Petrol,Manual,159536.0,23.06,21.62,South
1010,Toyota,ModelH,2017,Petrol,Manual,10583.0,3.4,41.53,North
380,Hyundai,ModelF,2013,CNG,Manual,144005.0,36.43,28.38,North
1113,Toyota,ModelG,2008,CNG,Automatic,85859.0,15.13,,South
493,Tata,ModelH,2013,CNG,Automatic,188223.0,42.56,39.78,South
246,Tata,ModelB,2006,Diesel,Automatic,104956.0,15.66,33.05,West
625,Toyota,ModelB,2010,,Manual,101870.0,22.7,19.27,North
801,Toyota,ModelJ,2018,Electric,Automatic,9239.0,40.84,14.48,South
1074,Audi,ModelA,2019,Petrol,Manual,163097.0,11.93,29.87,West
161,Audi,ModelA,2022,Petrol,Automatic,9042.0,41.44,4.1,North
277,Toyota,ModelG,2010,Diesel,Automatic,41386.0,40.5,36.45,East
890,Tata,ModelB,2023,Diesel,Automatic,125494.0,25.48,19.2,West
1008,Tata,ModelG,2015,Diesel,Manual,33899.0,30.69,36.45,North
656,BMW,ModelF,2024,Electric,Automatic,105485.0,14.75,33.81,East
436,Toyota,ModelI,2013,Petrol,Automatic,107828.0,31.26,38.01,North
785,Tata,ModelE,2005,Petrol,Manual,137201.0,44.87,17.99,South
441,Mercedes,ModelB,2010,Petrol,Manual,92593.0,26.46,13.29,West
826,Kia,ModelD,2019,CNG,Manual,77227.0,18.84,37.74,East
1012,Mahindra,ModelE,2008,CNG,Automatic,76537.0,4.54,26.13,West
76,Kia,ModelA,2020,Electric,Manual,146625.0,41.98,33.58,West
200,Audi,ModelC,2008,Electric,Manual,197341.0,17.17,39.0,North
738,Tata,ModelD,2019,Electric,Manual,110219.0,2.57,35.69,South
1037,Ford,ModelD,2019,Petrol,Automatic,21576.0,9.17,9.41,East
844,Hyundai,ModelF,2012,Electric,Automatic,124682.0,12.71,4.07,North
13,Tata,ModelI,2009,Diesel,Automatic,193069.0,36.21,14.13,South
496,Toyota,ModelC,2011,Electric,Automatic,169145.0,6.98,18.75,South
842,Mahindra,ModelG,2014,Diesel,Automatic,77573.0,11.87,17.6,South
541,Audi,ModelB,2005,CNG,Automatic,71677.0,44.67,40.58,West
9,Tata,ModelI,2020,Petrol,Manual,165399.0,46.78,31.34,West
1118,Mercedes,ModelH,2015,Petrol,Manual,168088.0,14.37,22.03,East
1009,Kia,ModelJ,2008,CNG,Manual,33229.0,37.47,,South
629,Audi,ModelH,2017,Electric,Manual,108889.0,26.88,,South
527,Mercedes,ModelE,2024,CNG,Manual,130659.0,46.44,22.25,North
624,Mahindra,ModelJ,2016,Electric,Automatic,88860.0,21.05,36.33,West
849,Tata,ModelD,2022,,Manual,159546.0,24.51,34.22,East
786,Hyundai,ModelA,2019,CNG,Manual,164094.0,35.09,31.35,East
628,Hyundai,ModelJ,2021,Electric,Automatic,157364.0,,22.22,North
232,Toyota,ModelC,2008,Petrol,Automatic,185066.0,20.88,17.36,East
1141,Toyota,ModelE,2014,Diesel,Manual,144392.0,30.08,34.45,West
301,BMW,ModelF,2016,,Automatic,191584.0,47.7,23.15,North
703,Honda,ModelE,2006,Diesel,Manual,19175.0,18.69,13.64,East
1095,Audi,ModelH,2017,CNG,Automatic,100027.0,8.69,39.04,East
535,Mercedes,ModelB,2009,Petrol,Automatic,109215.0,30.78,42.56,West
467,Kia,ModelE,2021,CNG,Automatic,156542.0,24.67,10.7,West
1033,Mahindra,ModelB,2009,Petrol,Manual,84465.0,46.87,43.58,East
861,Honda,ModelH,2006,Petrol,Automatic,151312.0,28.16,13.4,West
1175,Hyundai,ModelG,2008,Petrol,Automatic,115114.0,15.88,1.99,North
769,Tata,ModelG,2006,Electric,Manual,66084.0,47.49,18.17,East
155,Mahindra,ModelJ,2021,Petrol,Manual,117470.0,16.7,,East
722,Tata,ModelB,2016,Diesel,Automatic,51216.0,47.45,25.83,South
1100,Mercedes,ModelH,2013,Diesel,Manual,11464.0,35.08,6.81,North
556,Ford,ModelA,2022,Petrol,Automatic,43196.0,26.68,35.3,South
1169,Toyota,ModelA,2021,Diesel,Manual,13997.0,17.36,7.28,East
270,BMW,ModelD,2018,CNG,Manual,140705.0,35.36,,East
1083,Hyundai,ModelH,2017,Petrol,Automatic,160063.0,21.58,14.47,East
644,Honda,ModelF,2009,Diesel,Manual,,,22.92,North
223,Mahindra,ModelI,2015,Petrol,Automatic,164693.0,40.01,,East
173,BMW,ModelI,2006,,Manual,94524.0,7.83,30.3,North
602,Audi,ModelG,2011,Diesel,Automatic,56413.0,2.6,35.88,South
432,Kia,ModelA,2016,Diesel,Manual,178686.0,23.94,24.07,East
144,Mercedes,ModelB,2019,Petrol,Automatic,45542.0,37.51,40.11,East
896,Toyota,ModelA,2009,Petrol,Manual,34086.0,47.14,42.06,North
88,Toyota,ModelE,2017,Electric,Automatic,112615.0,30.0,30.92,East
314,Kia,ModelJ,2009,CNG,Automatic,149101.0,31.82,8.64,East
185,Hyundai,ModelG,2006,Petrol,Manual,10594.0,14.36,13.64,East
15,Audi,ModelG,2019,CNG,Automatic,119456.0,24.62,15.47,South
56,Ford,ModelE,2022,Petrol,Manual,198080.0,29.79,17.87,South
141,Kia,ModelG,2022,Diesel,Automatic,152781.0,34.66,14.88,West
1080,Mercedes,ModelE,2018,CNG,Automatic,182112.0,14.91,40.21,South
1060,Tata,ModelH,2013,Petrol,Automatic,37574.0,48.7,4.07,East
383,Hyundai,ModelF,2024,CNG,Automatic,72616.0,16.16,27.57,South
177,Toyota,ModelE,2006,Diesel,Automatic,99108.0,25.39,23.01,East
1171,Tata,ModelC,2017,CNG,Automatic,90711.0,40.51,8.24,West
655,Toyota,ModelD,2019,CNG,Automatic,66497.0,38.71,40.11,North
1163,BMW,ModelB,2024,CNG,Manual,106444.0,31.58,25.71,North
988,BMW,ModelD,2005,Petrol,Manual,181284.0,18.48,21.4,West
707,Honda,ModelI,2016,Petrol,Manual,71537.0,44.21,27.55,West
572,Kia,ModelF,2007,Diesel,Automatic,191443.0,41.11,18.91,West
1035,Mahindra,ModelC,2022,CNG,Automatic,42333.0,45.14,44.92,East
948,Audi,ModelH,2006,,Automatic,107739.0,8.89,1.93,North
1129,Tata,ModelI,2005,CNG,Automatic,48459.0,8.03,12.57,East
225,Mercedes,ModelD,2009,Electric,Manual,,22.4,43.44,East
44,Mahindra,ModelA,2018,Electric,Manual,26067.0,15.55,33.33,North
189,Audi,ModelD,2011,Electric,Automatic,84526.0,43.09,2.64,West
748,Hyundai,ModelF,2017,CNG,Automatic,64658.0,8.59,23.38,West
968,Honda,ModelH,2014,Diesel,Manual,34670.0,20.73,38.99,North
614,Ford,ModelG,2019,Electric,Manual,167730.0,43.39,39.53,West
873,Ford,ModelI,2013,Diesel,Automatic,156723.0,22.69,14.45,West
484,Mahindra,ModelG,2005,Petrol,Automatic,177870.0,12.23,14.96,North
857,Tata,ModelJ,2016,Petrol,Manual,47771.0,22.33,39.63,East
283,Audi,ModelD,2006,Petrol,Automatic,23157.0,17.18,44.97,North
1045,Kia,ModelH,2023,Electric,Automatic,67894.0,46.81,5.62,East
207,Ford,ModelA,2018,Electric,Manual,57975.0,34.29,37.76,South
239,Mahindra,ModelE,2018,CNG,Automatic,93422.0,44.47,23.17,South
1046,Audi,ModelI,2015,Diesel,Automatic,170707.0,46.76,31.29,East
434,Hyundai,ModelC,2019,Petrol,Automatic,62608.0,28.97,27.74,West
693,BMW,ModelE,2012,,Manual,42344.0,10.19,3.78,South
501,Mahindra,ModelB,2018,Petrol,Manual,35063.0,42.89,29.86,North
387,BMW,ModelH,2012,,Manual,143869.0,43.45,22.96,South
206,Ford,ModelG,2024,Electric,Manual,22241.0,17.58,20.92,South
28,Hyundai,ModelJ,2017,Diesel,Automatic,34092.0,11.7,41.35,South
957,Ford,ModelB,2016,Electric,Automatic,106503.0,49.22,31.82,South
653,Mahindra,ModelB,2021,Diesel,Automatic,56137.0,3.86,,North
841,Mercedes,ModelB,2014,Electric,Manual,86010.0,47.47,36.25,West
767,Mahindra,ModelC,2020,Petrol,Manual,149870.0,11.09,42.15,South
11,Ford,ModelH,2010,Electric,Automatic,184515.0,27.25,13.78,West
617,Kia,ModelE,2021,CNG,Automatic,104485.0,45.67,23.75,West
1115,Mercedes,ModelJ,2023,CNG,Automatic,185809.0,49.18,6.93,East
611,BMW,ModelB,2022,Petrol,Automatic,153082.0,43.58,39.48,North
862,Tata,ModelD,2015,Diesel,Manual,107272.0,6.17,32.77,West
160,Tata,ModelA,2005,Petrol,Manual,55519.0,27.55,43.06,South
512,Mahindra,ModelF,2012,Diesel,Automatic,55971.0,35.86,41.73,West
601,BMW,ModelB,2009,Diesel,Manual,47422.0,37.84,18.36,North
596,Mahindra,ModelI,2020,Electric,Manual,25923.0,36.4,18.07,West
51,Hyundai,ModelA,2020,CNG,Automatic,53803.0,44.73,2.67,North
990,Kia,ModelG,2020,CNG,Automatic,48258.0,35.11,21.03,East
186,Honda,ModelD,2020,Diesel,Manual,12371.0,39.17,15.42,West
123,Hyundai,ModelC,2020,Petrol,Automatic,158466.0,43.07,5.07,West
111,Toyota,ModelH,2013,Diesel,Automatic,84558.0,22.58,26.15,West
976,Tata,ModelC,2018,Diesel,Manual,84335.0,3.38,1.79,North
96,Kia,ModelI,2009,Petrol,Automatic,62823.0,25.27,33.12,North
564,Audi,ModelI,2010,Diesel,Automatic,26042.0,20.28,36.98,East
142,Mercedes,ModelC,2015,Diesel,Automatic,14726.0,15.16,35.71,East
1067,Toyota,ModelA,2024,Electric,Manual,23557.0,12.59,34.61,East
224,Honda,ModelI,2023,CNG,Automatic,81441.0,21.31,33.76,North
131,Ford,ModelG,2015,Diesel,Automatic,157027.0,42.42,5.12,East
425,Kia,ModelG,2006,Electric,Manual,80318.0,38.76,32.06,East
805,Mahindra,ModelA,2007,Petrol,Automatic,65430.0,16.4,33.24,North
363,Audi,ModelE,2024,Diesel,Automatic,136764.0,18.27,8.96,North
548,Honda,ModelD,2013,CNG,Manual,185718.0,41.44,24.34,South
753,Kia,ModelI,2012,Petrol,Automatic,185108.0,18.03,36.61,North
591,BMW,ModelD,2016,Petrol,Manual,46979.0,43.58,3.89,East
854,Audi,ModelE,2017,Electric,Automatic,121582.0,26.71,39.11,East
90,Hyundai,ModelF,2023,Electric,Manual,32564.0,31.72,33.81,West
732,Honda,ModelH,2022,CNG,Manual,139404.0,35.58,7.51,East
219,Honda,ModelC,2010,Diesel,Automatic,75411.0,41.74,7.23,South
215,Mahindra,ModelB,2005,Electric,Manual,,23.93,23.39,North
967,Audi,ModelB,2019,Electric,Manual,184589.0,18.55,20.99,West
1150,BMW,ModelE,2016,Petrol,Manual,10529.0,27.0,5.73,East
300,Mahindra,ModelE,2007,Electric,Manual,16350.0,11.89,28.81,North
1023,Ford,ModelC,2007,Electric,Automatic,38686.0,2.04,44.76,North
947,Hyundai,ModelB,2017,Diesel,Manual,147429.0,2.89,32.2,West
385,Mercedes,ModelE,2010,Diesel,Manual,192620.0,38.33,5.17,South
789,Mercedes,ModelC,2012,Petrol,Manual,49130.0,16.68,23.36,East
38,Mercedes,ModelG,2008,CNG,Automatic,184359.0,7.35,12.77,North
471,Mercedes,ModelF,2007,CNG,Manual,92939.0,18.67,3.7,North
720,Ford,ModelJ,2020,CNG,Manual,71727.0,24.25,42.41,North
53,Ford,ModelI,2008,Petrol,Manual,199549.0,2.18,24.23,North
1161,Mahindra,ModelE,2007,CNG,Automatic,174178.0,6.89,26.06,South
391,Mahindra,ModelE,2024,CNG,Manual,153725.0,3.46,11.14,East
1139,Kia,ModelA,2008,Electric,Automatic,48880.0,32.87,22.59,South
1025,Mercedes,ModelE,2006,Electric,Manual,103802.0,36.53,34.26,South
231,Ford,ModelI,2013,Petrol,Automatic,140909.0,6.83,31.89,North
14,Hyundai,ModelE,2008,Electric,Automatic,107171.0,11.27,30.58,West
689,Hyundai,ModelJ,2023,Diesel,Manual,76154.0,26.34,8.73,West
1165,Ford,ModelG,2007,Diesel,Manual,118793.0,45.34,34.64,North
519,Hyundai,ModelJ,2011,Electric,Automatic,137151.0,26.62,15.95,South
375,Mercedes,ModelG,2013,CNG,Manual,12211.0,26.7,12.11,North
567,Kia,ModelE,2012,Electric,Manual,197150.0,25.62,42.71,South
438,BMW,ModelI,2024,Petrol,Automatic,77095.0,40.02,29.97,North
574,Tata,ModelB,2005,CNG,Automatic,33379.0,16.86,10.98,East
325,Honda,ModelJ,2012,CNG,Automatic,144993.0,32.12,33.0,East
921,Hyundai,ModelD,2013,Petrol,Manual,93844.0,2.34,36.41,North
634,Honda,ModelD,2017,Petrol,Automatic,153137.0,23.34,2.09,North
408,Kia,ModelD,2016,CNG,Manual,162419.0,11.67,29.6,South
752,Honda,ModelJ,2005,Diesel,Manual,94385.0,34.24,27.29,West
168,Ford,ModelI,2015,CNG,Automatic,55733.0,35.96,43.77,North
358,Kia,ModelH,2008,Petrol,Manual,121843.0,47.79,5.53,North
164,Ford,ModelB,2011,Diesel,Automatic,100961.0,40.96,22.7,East
1105,Hyundai,ModelC,2016,Diesel,Automatic,117564.0,28.02,,East
875,Toyota,ModelD,2009,Electric,Automatic,25008.0,8.75,24.66,East
1125,Toyota,ModelH,2014,,Manual,24782.0,45.35,34.33,West
1076,Tata,ModelH,2009,CNG,Automatic,46081.0,19.57,26.15,North
859,Hyundai,ModelG,2006,Diesel,Automatic,,37.21,29.87,North
743,Mahindra,ModelA,2007,CNG,Manual,5066.0,25.71,8.9,East
850,Audi,ModelH,2018,Electric,Manual,120375.0,5.41,30.58,East
581,Mahindra,ModelG,2022,Diesel,Manual,57349.0,14.19,9.34,West
1087,Honda,ModelC,2016,Electric,Manual,,3.51,37.1,East
910,Hyundai,ModelJ,2013,Diesel,Manual,42425.0,23.97,17.68,West
1198,Honda,ModelD,2023,,Automatic,8174.0,45.6,33.77,South
238,Mahindra,ModelI,2020,Petrol,Automatic,156818.0,31.63,25.89,North
179,Honda,ModelF,2014,Petrol,Manual,74639.0,13.94,8.44,North
364,Audi,ModelH,2021,Diesel,Automatic,33926.0,40.19,33.33,East
281,Audi,ModelG,2008,Electric,Automatic,65354.0,36.52,31.71,West
888,Kia,ModelG,2023,Electric,Manual,150631.0,41.22,40.05,South
979,Tata,ModelD,2007,Diesel,Automatic,135744.0,,31.28,North
1103,Kia,ModelB,2007,Diesel,Manual,60514.0,41.06,40.82,East
22,Toyota,ModelF,2012,Electric,Manual,112340.0,5.47,30.22,North
825,Ford,ModelG,2017,CNG,Manual,15785.0,29.55,21.99,West
371,Ford,ModelJ,2023,,Manual,10209.0,40.27,42.99,South
749,Hyundai,ModelE,2021,Diesel,Automatic,43498.0,47.01,3.41,North
45,Kia,ModelJ,2023,Diesel,Automatic,56033.0,5.89,15.15,West
599,Toyota,ModelG,2011,CNG,Manual,138959.0,22.75,4.21,West
760,Kia,ModelH,2018,Petrol,Automatic,,32.33,23.77,West
423,BMW,ModelB,2007,Diesel,Manual,60798.0,48.15,13.19,North
1044,Mahindra,ModelA,2017,Petrol,Manual,109186.0,42.95,10.33,North
1104,Kia,ModelB,2020,Electric,Automatic,118428.0,12.42,36.99,East
242,Hyundai,ModelF,2014,Electric,Manual,6893.0,49.68,27.45,North
782,Tata,ModelB,2005,CNG,Automatic,8084.0,42.24,18.66,North
998,Tata,ModelE,2006,Electric,Automatic,110603.0,8.98,20.8,West
1011,Kia,ModelG,2011,CNG,Manual,,27.98,39.47,North
886,BMW,ModelD,2022,CNG,Automatic,153868.0,12.73,5.1,North
950,Hyundai,ModelB,2012,Electric,Automatic,20804.0,36.92,,South
551,Audi,ModelC,2023,Petrol,Manual,105088.0,4.3,19.6,West
534,Hyundai,ModelD,2022,Diesel,Automatic,84823.0,7.97,25.23,West
1184,Audi,ModelC,2013,Diesel,Manual,81290.0,19.35,20.37,East
348,Mercedes,ModelI,2017,Electric,Manual,188846.0,25.48,14.68,West
1049,Honda,ModelB,2012,Electric,Manual,97850.0,3.35,14.69,North
213,Mercedes,ModelJ,2012,CNG,Automatic,149403.0,39.58,24.81,North
421,Ford,ModelF,2013,CNG,Automatic,66822.0,27.03,37.82,North
134,Audi,ModelD,2015,Diesel,Automatic,,11.2,1.06,South
1176,Toyota,ModelI,2005,CNG,Automatic,195542.0,23.66,27.39,South
680,Tata,ModelF,2008,CNG,Manual,148704.0,31.83,20.09,West
24,Audi,ModelC,2014,Electric,Automatic,39152.0,42.98,22.53,East
795,Mahindra,ModelB,2007,Petrol,Manual,95436.0,17.77,39.4,South
157,Toyota,ModelG,2023,Petrol,Automatic,78290.0,,17.69,East
776,Hyundai,ModelA,2012,,Automatic,30363.0,27.99,33.79,North
744,Hyundai,ModelH,2020,Petrol,Automatic,119159.0,43.73,5.39,South
649,Audi,ModelI,2010,Electric,Manual,148093.0,16.49,7.77,North
1131,Ford,ModelJ,2011,Diesel,Automatic,83863.0,12.09,21.48,South
706,Honda,ModelE,2019,Diesel,Automatic,89518.0,34.69,3.19,West
116,BMW,ModelG,2016,Electric,Manual,42419.0,20.61,5.85,East
272,Tata,ModelG,2005,Diesel,Manual,112573.0,20.92,40.61,South
835,BMW,ModelC,2021,Diesel,Manual,6462.0,,38.79,South
418,Kia,ModelA,2016,Petrol,Manual,175588.0,14.23,5.94,South
108,Tata,ModelG,2005,CNG,Automatic,194327.0,34.67,39.96,North
1189,Mercedes,ModelJ,2006,Electric,Automatic,8114.0,18.37,12.18,South
31,Mahindra,ModelD,2011,,Automatic,91483.0,28.11,37.01,West
739,Ford,ModelD,2019,Electric,Automatic,10033.0,8.71,37.0,South
576,Mercedes,ModelI,2019,CNG,Manual,139034.0,34.5,31.69,North
247,Toyota,ModelF,2011,CNG,Manual,123580.0,26.83,14.92,East
1181,Mercedes,ModelH,2024,Petrol,Automatic,68656.0,5.79,24.56,West
218,Mercedes,ModelH,2007,Diesel,Manual,44346.0,14.26,20.56,East
57,Honda,ModelI,2024,Electric,Manual,141269.0,4.62,37.84,East
750,BMW,ModelF,2021,Electric,Automatic,114028.0,18.89,24.56,South
736,Mercedes,ModelH,2022,Diesel,Automatic,172516.0,34.01,17.07,East
459,Honda,ModelI,2021,Diesel,Manual,16781.0,20.83,33.11,North
260,Honda,ModelA,2020,Diesel,Manual,95477.0,5.07,14.88,East
511,Hyundai,ModelJ,2016,CNG,Automatic,195285.0,18.22,17.55,West
170,Honda,ModelE,2011,Diesel,Automatic,154696.0,45.12,16.58,West
868,Audi,ModelE,2022,Diesel,Automatic,76916.0,12.48,,North
874,Toyota,ModelE,2010,Diesel,Automatic,73694.0,26.5,27.09,West
359,Audi,ModelB,2012,Electric,Manual,76947.0,43.55,33.13,North
40,Ford,ModelF,2022,CNG,Manual,115168.0,29.92,11.31,West
587,Kia,ModelA,2016,Electric,Manual,181421.0,36.68,19.87,South
963,BMW,ModelB,2017,,Manual,173065.0,16.39,1.41,South
437,Tata,ModelF,2023,Petrol,Automatic,,29.28,2.58,South
339,Tata,ModelF,2018,Diesel,Automatic,5507.0,13.47,24.0,East
648,Mahindra,ModelI,2007,Petrol,Automatic,183276.0,31.81,1.55,East
94,Kia,ModelI,2023,Electric,Manual,85165.0,7.42,41.62,South
715,Mercedes,ModelD,2016,Diesel,Manual,166096.0,6.66,25.3,South
521,Ford,ModelD,2012,Diesel,Automatic,182823.0,5.82,13.63,North
72,BMW,ModelF,2018,Diesel,Manual,195167.0,22.68,38.38,North
280,Mercedes,ModelE,2005,Electric,Automatic,38040.0,11.21,19.22,South
382,Tata,ModelF,2019,Electric,Automatic,45696.0,47.07,13.68,North
773,Toyota,ModelC,2007,Electric,Manual,27616.0,7.26,26.77,West
487,Toyota,ModelJ,2014,Electric,Manual,49439.0,13.36,12.38,West
347,Hyundai,ModelC,2007,Petrol,Manual,,30.47,6.53,South
575,Mahindra,ModelB,2017,Petrol,Automatic,125667.0,47.02,27.49,North
1022,Kia,ModelA,2012,Electric,Manual,51032.0,45.41,2.67,East
1017,Audi,ModelE,2012,Diesel,Automatic,149401.0,26.35,14.1,South
475,Honda,ModelE,2021,,Automatic,62174.0,34.63,25.59,South
311,Hyundai,ModelF,2015,Diesel,Manual,5390.0,26.26,42.7,West
803,Audi,ModelG,2010,Electric,Manual,56415.0,25.87,12.61,North
1132,Ford,ModelI,2021,Petrol,Manual,128206.0,17.53,12.66,South
323,Honda,ModelF,2006,Diesel,Manual,132402.0,32.17,19.78,South
146,Toyota,ModelB,2011,Electric,Automatic,39753.0,7.72,11.72,West
594,Hyundai,ModelH,2012,,Automatic,109975.0,23.33,16.8,East
379,Kia,ModelI,2018,Petrol,Automatic,81382.0,27.74,44.98,East
343,Ford,ModelE,2016,Petrol,Automatic,21122.0,,33.92,West
415,Ford,ModelA,2024,Petrol,Automatic,32843.0,17.8,16.83,North
997,Kia,ModelG,2013,Petrol,Automatic,5215.0,37.83,28.89,South
257,Mahindra,ModelH,2005,Electric,Manual,174439.0,10.25,19.76,West
5,Mercedes,ModelE,2018,CNG,Automatic,20216.0,22.45,35.25,South
559,Mahindra,ModelH,2011,Electric,Automatic,34709.0,32.77,13.58,North
814,Ford,ModelD,2010,Diesel,Automatic,31928.0,31.82,1.43,West
1085,Tata,ModelD,2010,Petrol,Manual,164682.0,33.21,11.53,South
137,Mahindra,ModelB,2005,Petrol,Manual,71471.0,11.94,12.56,West
178,Honda,ModelE,2005,Petrol,Manual,12493.0,3.19,19.27,South
664,BMW,ModelA,2021,Petrol,Automatic,141694.0,14.73,1.18,North
140,Ford,ModelB,2019,Electric,Manual,53924.0,19.09,22.28,East
37,Mahindra,ModelB,2024,CNG,Automatic,48169.0,18.46,,North
674,Mahindra,ModelC,2021,Electric,Automatic,,,34.63,South
1153,Honda,ModelG,2014,Electric,Automatic,54178.0,14.51,25.14,West
92,Toyota,ModelI,2007,CNG,Automatic,197659.0,33.76,30.29,East
562,Audi,ModelF,2010,Diesel,Automatic,179312.0,2.13,33.7,South
532,Kia,ModelG,2005,CNG,Automatic,157545.0,29.9,40.68,East
458,Hyundai,ModelG,2022,Diesel,Automatic,95140.0,41.39,40.94,East
85,Tata,ModelE,2017,CNG,Manual,136004.0,2.96,8.63,North
1093,Toyota,ModelE,2020,CNG,Manual,23300.0,7.56,33.43,North
718,Toyota,ModelC,2023,CNG,Manual,5515.0,41.6,18.6,West
922,Kia,ModelI,2007,CNG,Manual,46984.0,40.66,17.24,East
1147,Honda,ModelI,2020,CNG,Manual,19380.0,,38.59,East
974,Audi,ModelE,2021,Diesel,Automatic,199152.0,9.41,27.0,North
1177,Mahindra,ModelE,2022,Petrol,Manual,118218.0,7.62,31.6,South
810,Kia,ModelJ,2017,Electric,Automatic,10586.0,12.08,8.95,South
353,Hyundai,ModelF,2010,Diesel,Automatic,41483.0,13.06,12.85,North
1032,BMW,ModelD,2013,Petrol,Automatic,76927.0,25.37,13.12,West
667,BMW,ModelG,2017,Diesel,Automatic,64251.0,12.58,7.82,East
330,Mahindra,ModelD,2024,Electric,Manual,101444.0,16.89,38.36,North
742,Tata,ModelF,2017,Petrol,Manual,114756.0,49.19,25.85,East
1013,Audi,ModelA,2019,Electric,Manual,140639.0,35.65,1.4,North
334,Mercedes,ModelG,2008,CNG,Automatic,148314.0,47.82,25.15,West
182,BMW,ModelH,2020,Petrol,Manual,52234.0,8.55,5.02,South
327,Toyota,ModelJ,2011,Diesel,Manual,,49.88,7.18,North
233,Honda,ModelI,2009,Petrol,Manual,148687.0,31.6,1.78,South
304,BMW,ModelD,2007,Diesel,Manual,102557.0,42.25,28.08,South
357,Kia,ModelI,2018,CNG,Automatic,124873.0,7.68,26.82,East
460,Hyundai,ModelC,2016,CNG,Manual,141587.0,23.48,33.36,North
953,Tata,ModelD,2022,Petrol,Manual,164204.0,16.68,11.04,East
586,Audi,ModelE,2010,Petrol,Manual,24023.0,38.5,18.98,West
1099,Tata,ModelH,2010,CNG,Automatic,162604.0,34.27,,South
211,Hyundai,ModelJ,2006,Diesel,Manual,61396.0,23.96,27.7,South
620,Mahindra,ModelA,2012,CNG,Automatic,8729.0,7.01,14.09,North
176,Toyota,ModelJ,2010,Petrol,Automatic,99913.0,17.76,33.09,West
865,BMW,ModelC,2021,Electric,Automatic,180138.0,7.98,23.51,North
571,Honda,ModelH,2016,Electric,Manual,113369.0,34.99,12.26,West
159,Kia,ModelE,2013,Electric,Manual,140150.0,6.45,8.76,South
938,Toyota,ModelA,2020,CNG,Automatic,26029.0,14.51,18.04,North
568,Hyundai,ModelA,2006,Diesel,Automatic,61759.0,49.35,4.05,South
837,Audi,ModelJ,2017,Electric,Automatic,151583.0,23.97,34.57,South
1187,Kia,ModelH,2005,Electric,Automatic,126118.0,30.05,28.65,East
520,Mahindra,ModelH,2009,,Automatic,100386.0,,32.64,West
1145,Hyundai,ModelG,2006,Petrol,Manual,167002.0,31.87,39.38,North
731,BMW,ModelG,2023,,Manual,101502.0,37.98,9.27,South
424,Mercedes,ModelF,2021,CNG,Manual,180188.0,32.52,3.9,East
154,Tata,ModelI,2009,,Automatic,69427.0,37.46,16.91,North
420,Mercedes,ModelJ,2013,Petrol,Automatic,24627.0,35.87,22.67,South
1186,Kia,ModelD,2009,Petrol,Manual,31655.0,27.4,41.89,South
973,Audi,ModelC,2006,Petrol,Automatic,52922.0,45.69,12.7,South
412,Mahindra,ModelB,2022,Diesel,Automatic,199923.0,41.39,33.98,North
447,Hyundai,ModelD,2016,Electric,Manual,82606.0,46.69,5.0,East
485,Tata,ModelA,2011,Diesel,Automatic,58473.0,43.62,22.28,West
808,Mahindra,ModelC,2018,Petrol,Automatic,150677.0,3.58,13.54,North
293,Ford,ModelC,2015,Petrol,Manual,120194.0,35.4,10.2,East
399,Mahindra,ModelH,2008,,Manual,116361.0,21.28,38.49,West
566,Kia,ModelE,2020,CNG,Automatic,142941.0,2.37,41.91,East
936,Toyota,ModelA,2008,Electric,Manual,32388.0,39.52,17.22,South
322,Mercedes,ModelA,2006,CNG,Automatic,153099.0,22.57,37.66,East
184,Toyota,ModelI,2014,,Automatic,133674.0,,40.24,South
1026,Mahindra,ModelD,2006,Electric,Manual,199333.0,31.7,20.9,South
770,Toyota,ModelJ,2013,Petrol,Manual,180309.0,21.04,5.67,South
227,Hyundai,ModelB,2015,CNG,Manual,89577.0,36.52,44.68,South
684,Kia,ModelJ,2017,CNG,Manual,183066.0,8.41,6.02,East
388,Kia,ModelH,2021,CNG,Automatic,55013.0,49.85,27.43,South
817,Tata,ModelA,2012,CNG,Manual,25711.0,2.7,38.6,South
69,Mercedes,ModelB,2019,Petrol,Automatic,147157.0,46.03,29.09,South
686,Honda,ModelI,2006,CNG,Automatic,61344.0,41.41,26.84,East
309,Mercedes,ModelA,2019,Petrol,Automatic,165073.0,16.49,32.6,West
256,Hyundai,ModelH,2005,CNG,Automatic,,,4.38,East
605,Mercedes,ModelG,2005,Petrol,Manual,33756.0,13.16,39.43,South
121,Kia,ModelA,2014,Petrol,Automatic,28382.0,25.63,4.95,East
737,Audi,ModelD,2023,Electric,Automatic,171412.0,6.92,24.56,East
149,Ford,ModelD,2018,Petrol,Automatic,89698.0,26.87,12.79,South
969,Kia,ModelI,2018,Electric,Manual,54112.0,44.77,41.35,West
390,Mercedes,ModelH,2005,CNG,Automatic,169744.0,7.34,32.73,North
945,Hyundai,ModelI,2017,Petrol,Automatic,152032.0,8.61,8.34,West
251,Tata,ModelB,2007,CNG,Automatic,62724.0,11.67,14.84,South
777,Ford,ModelG,2021,CNG,Automatic,7795.0,15.63,23.64,West
1121,Mahindra,ModelE,2006,Diesel,Manual,38302.0,4.38,7.38,West
537,Mahindra,ModelF,2019,Electric,Automatic,89573.0,26.67,23.89,North
474,BMW,ModelF,2024,CNG,Automatic,34831.0,47.01,43.7,South
271,Ford,ModelF,2020,CNG,Automatic,153376.0,2.51,34.55,South
721,Kia,ModelD,2016,Electric,Automatic,114164.0,,38.92,South
365,BMW,ModelB,2012,Petrol,Manual,104782.0,5.72,12.09,East
546,Honda,ModelH,2011,Petrol,Manual,,13.06,3.51,North
509,Ford,ModelC,2016,Petrol,Automatic,57413.0,26.67,37.33,South
570,Hyundai,ModelH,2013,Electric,Automatic,49306.0,20.98,27.83,West
317,Hyundai,ModelB,2019,Petrol,Manual,10867.0,10.97,40.25,East
298,Audi,ModelI,2013,Petrol,Manual,161153.0,23.26,,West
1031,Tata,ModelB,2012,Diesel,Manual,105422.0,24.23,29.79,West
796,Mercedes,ModelC,2006,,Automatic,117341.0,30.91,36.84,North
840,Tata,ModelF,2021,Electric,Automatic,180486.0,11.44,13.06,North
889,Honda,ModelB,2017,CNG,Manual,169211.0,23.52,29.22,East
401,BMW,ModelC,2006,Diesel,Automatic,10606.0,42.29,12.5,East
955,Ford,ModelB,2010,Diesel,Automatic,142521.0,5.03,14.63,South
252,Ford,ModelH,2022,CNG,Automatic,91133.0,14.73,4.71,East
1140,Mercedes,ModelH,2009,CNG,Manual,119003.0,38.6,20.3,South
677,Ford,ModelA,2016,CNG,Manual,140675.0,37.63,38.55,East
723,Toyota,ModelB,2024,,Manual,76833.0,15.21,,North
640,Tata,ModelI,2022,Electric,Manual,176806.0,33.32,12.76,South
800,Mahindra,ModelC,2018,CNG,Manual,24773.0,33.7,14.86,South
781,Mercedes,ModelC,2007,Petrol,Automatic,77833.0,14.5,23.33,East
217,Tata,ModelA,2024,Electric,Automatic,68014.0,7.48,17.89,West
1188,Honda,ModelC,2021,CNG,Manual,179673.0,40.25,18.38,West
513,Mercedes,ModelC,2012,Diesel,Automatic,163353.0,11.0,23.13,South
448,Toyota,ModelD,2017,Petrol,Manual,128769.0,4.42,38.61,South
911,Toyota,ModelA,2024,Petrol,Manual,126635.0,,16.56,West
346,Tata,ModelF,2013,Diesel,Manual,167051.0,15.15,9.34,South
202,Toyota,ModelF,2024,,Automatic,90959.0,3.96,40.58,North
525,Mercedes,ModelG,2021,CNG,Automatic,85863.0,13.72,31.59,West
165,Toyota,ModelD,2005,Electric,Manual,73111.0,25.15,1.17,East
18,Tata,ModelJ,2014,Petrol,Automatic,75409.0,26.83,22.89,South
1166,Kia,ModelH,2021,CNG,Automatic,121278.0,35.44,13.53,South
480,Mahindra,ModelC,2021,Electric,Automatic,58051.0,3.15,30.57,South
80,Mahindra,ModelG,2022,Petrol,Manual,84267.0,18.28,2.21,North
216,Toyota,ModelB,2014,CNG,Manual,89719.0,42.59,3.75,East
1016,Mahindra,ModelB,2015,CNG,Manual,117652.0,35.7,21.24,East
717,Hyundai,ModelD,2021,Diesel,Automatic,35734.0,30.45,13.07,West
712,Audi,ModelF,2024,Electric,Manual,97759.0,38.09,26.88,East
900,Mercedes,ModelJ,2019,Diesel,Automatic,133023.0,24.76,,South
210,Hyundai,ModelD,2021,Electric,Automatic,181022.0,15.5,28.37,East
306,Toyota,ModelD,2006,Petrol,Manual,164441.0,17.26,27.68,West
1042,Hyundai,ModelA,2014,Electric,Manual,72946.0,4.44,43.66,North
316,Kia,ModelB,2015,Petrol,Manual,50875.0,48.89,29.41,West
10,BMW,ModelF,2023,Diesel,Manual,,30.15,39.6,South
122,Kia,ModelH,2020,Diesel,Automatic,192135.0,35.64,12.3,East
811,Hyundai,ModelF,2006,Petrol,Automatic,125419.0,39.87,22.37,West
904,Honda,ModelF,2005,Electric,Manual,14265.0,9.8,4.33,North
583,Toyota,ModelF,2007,CNG,Automatic,150817.0,6.3,19.96,West
632,BMW,ModelH,2007,Diesel,Automatic,198838.0,28.25,17.83,North
417,Kia,ModelI,2007,Diesel,Manual,34793.0,23.61,43.7,West
268,Ford,ModelE,2016,Diesel,Manual,101622.0,27.58,5.15,East
394,Kia,ModelF,2007,Petrol,Manual,31140.0,12.59,31.41,West
809,Ford,ModelD,2017,Electric,Automatic,61240.0,47.79,22.04,East
83,Tata,ModelC,2015,CNG,Automatic,179718.0,37.75,8.69,North
1137,Honda,ModelE,2009,CNG,Automatic,10269.0,31.17,41.26,East
249,Ford,ModelE,2007,Electric,Manual,157271.0,34.89,9.56,West
704,Audi,ModelG,2015,Diesel,Automatic,142263.0,3.04,,North
765,Kia,ModelB,2014,Petrol,Manual,47598.0,36.92,18.06,West
687,Audi,ModelC,2015,Petrol,Automatic,189847.0,48.54,8.67,North
472,Ford,ModelB,2020,Electric,Manual,47674.0,40.12,32.44,North
341,Mercedes,ModelA,2018,Petrol,Automatic,16618.0,32.74,19.2,North
1195,Ford,ModelB,2023,Diesel,Automatic,88123.0,46.86,36.95,West
563,Hyundai,ModelD,2006,Petrol,Automatic,181832.0,42.8,20.28,West
1148,Honda,ModelB,2009,Petrol,Automatic,75934.0,37.28,35.39,South
1128,Hyundai,ModelI,2019,CNG,Manual,14196.0,34.03,40.01,South
799,Mercedes,ModelB,2006,Petrol,Automatic,104694.0,5.4,32.47,North
631,Hyundai,ModelA,2009,Electric,Manual,103162.0,10.36,27.84,North
360,Toyota,ModelH,2007,CNG,Automatic,175205.0,29.71,18.04,East
282,Audi,ModelB,2024,Petrol,Manual,83543.0,15.03,12.8,East
540,Toyota,ModelI,2021,Electric,Automatic,,17.5,37.02,West
580,Toyota,ModelA,2015,CNG,Automatic,130180.0,12.56,32.87,North
812,Mahindra,ModelJ,2017,Petrol,Automatic,127374.0,39.18,31.98,East
1136,Mercedes,ModelD,2013,Electric,Automatic,29700.0,12.23,4.64,North
798,Kia,ModelE,2013,Petrol,Automatic,136965.0,,9.83,West
843,Mercedes,ModelB,2008,Electric,Automatic,112803.0,31.46,40.75,West
695,Toyota,ModelI,2009,Petrol,Automatic,160371.0,24.27,27.48,West
54,Honda,ModelJ,2021,Petrol,Automatic,149282.0,26.1,9.89,West
615,Kia,ModelH,2015,Petrol,Automatic,185074.0,41.17,34.1,West
222,Mahindra,ModelH,2022,Diesel,Automatic,,24.38,4.75,East
937,Mahindra,ModelD,2006,CNG,Automatic,128800.0,11.78,31.36,North
593,Hyundai,ModelB,2013,Diesel,Automatic,151069.0,22.08,25.63,East
1071,Mahindra,ModelH,2022,CNG,Automatic,142152.0,42.59,44.3,South
894,BMW,ModelI,2016,Electric,Manual,16516.0,6.72,15.04,West
993,Audi,ModelD,2012,Diesel,Automatic,134553.0,22.89,21.25,North
226,Kia,ModelE,2023,Electric,Automatic,65197.0,20.38,32.59,North
912,Tata,ModelJ,2023,Electric,Automatic,179326.0,45.11,6.83,South
181,Mercedes,ModelH,2006,CNG,Manual,,15.42,1.46,South
59,Audi,ModelH,2019,CNG,Automatic,46486.0,25.96,27.53,East
366,Toyota,ModelD,2018,CNG,Automatic,109700.0,15.55,22.6,North
171,Hyundai,ModelI,2021,Petrol,Automatic,90886.0,,19.46,West
582,Tata,ModelC,2008,Electric,Automatic,192428.0,44.13,40.26,South
34,Hyundai,ModelH,2007,CNG,Automatic,166050.0,21.07,37.12,East
99,Mahindra,ModelG,2014,CNG,Automatic,141132.0,7.09,20.8,West
692,Audi,ModelF,2022,Electric,Manual,126897.0,43.19,21.47,South
691,Toyota,ModelB,2007,CNG,Manual,178696.0,46.75,41.27,West
376,Tata,ModelA,2024,CNG,Manual,14927.0,43.13,29.9,East
898,Tata,ModelD,2005,CNG,Automatic,35480.0,,19.56,East
828,Tata,ModelB,2011,Petrol,Manual,66957.0,25.68,22.27,East
132,Mercedes,ModelH,2024,,Automatic,115674.0,31.48,43.02,North
792,Audi,ModelI,2013,CNG,Manual,73469.0,5.72,28.68,North
89,Tata,ModelF,2023,Electric,Manual,135976.0,24.28,9.93,North
1096,Hyundai,ModelJ,2022,Electric,Automatic,126684.0,26.97,22.98,North
187,BMW,ModelD,2020,Diesel,Automatic,52315.0,20.51,6.09,West
440,Tata,ModelI,2023,CNG,Automatic,101452.0,14.04,25.62,North
191,Ford,ModelE,2019,CNG,Manual,91005.0,40.65,30.62,East
454,Toyota,ModelI,2005,Diesel,Manual,76042.0,47.7,28.6,South
378,Honda,ModelD,2011,CNG,Manual,160666.0,19.27,7.34,West
113,BMW,ModelG,2016,CNG,Manual,,3.06,32.81,East
318,Tata,ModelD,2007,Electric,Automatic,85820.0,23.37,33.25,North
646,BMW,ModelA,2014,CNG,Manual,19678.0,9.85,10.6,South
1108,Mercedes,ModelD,2022,Electric,Manual,5060.0,,5.44,North
824,Audi,ModelI,2006,Petrol,Manual,169870.0,44.96,23.47,East
573,Ford,ModelD,2015,Electric,Manual,,22.03,30.82,North
746,Honda,ModelG,2012,Petrol,Manual,12533.0,26.05,30.33,North
999,Honda,ModelF,2009,Electric,Automatic,16523.0,44.14,15.86,South
895,Mahindra,ModelI,2023,Petrol,Manual,55492.0,23.57,43.63,East
138,BMW,ModelA,2011,Petrol,Automatic,48298.0,42.87,34.76,East
1063,Audi,ModelG,2021,Electric,Automatic,161258.0,6.82,34.1,East
662,Audi,ModelG,2009,Diesel,Automatic,7881.0,25.96,38.74,North
908,Honda,ModelE,2008,Petrol,Manual,20386.0,34.67,13.87,East
1098,Toyota,ModelA,2016,Petrol,Manual,40525.0,5.87,27.89,West
253,Audi,ModelC,2015,Diesel,Manual,172477.0,10.15,31.14,South
932,Hyundai,ModelI,2017,Diesel,Automatic,141668.0,4.96,37.12,South
946,Mercedes,ModelE,2017,,Automatic,,4.61,27.69,West
342,Mahindra,ModelH,2008,Diesel,Manual,79286.0,42.82,14.17,North
940,Mercedes,ModelD,2013,Petrol,Automatic,58639.0,21.17,37.78,East
1122,BMW,ModelB,2006,CNG,Automatic,90382.0,30.77,12.21,North
446,Honda,ModelG,2008,Diesel,Automatic,,4.75,2.34,West
517,BMW,ModelA,2005,Diesel,Manual,108864.0,10.9,23.08,South
486,Hyundai,ModelE,2021,Diesel,Manual,155952.0,47.88,,West
258,Hyundai,ModelB,2012,Electric,Automatic,126136.0,28.27,20.46,East
204,Audi,ModelE,2012,Diesel,Manual,114767.0,31.93,30.52,West
393,Toyota,ModelB,2015,Diesel,Automatic,128723.0,43.95,44.2,West
924,Mahindra,ModelC,2020,Electric,Manual,107478.0,21.86,36.3,East
1160,Audi,ModelB,2021,Diesel,Automatic,30279.0,23.48,25.04,West
612,Tata,ModelE,2007,Petrol,Manual,132039.0,23.32,2.91,South
1038,Mahindra,ModelF,2013,Electric,Automatic,124875.0,46.64,,East
730,Audi,ModelG,2015,CNG,Manual,198604.0,41.21,44.92,South
635,Kia,ModelA,2008,Petrol,Manual,26638.0,3.3,1.17,West
1138,Mercedes,ModelC,2014,CNG,Manual,,6.02,13.91,North
414,Toyota,ModelB,2020,Electric,Manual,46850.0,23.92,28.71,South
793,Hyundai,ModelI,2005,Petrol,Automatic,151259.0,26.62,17.29,South
941,Honda,ModelC,2010,Electric,Automatic,119010.0,22.11,5.46,East
934,Toyota,ModelI,2009,Diesel,Manual,123686.0,27.04,30.1,West
39,Honda,ModelH,2006,Electric,Automatic,59745.0,29.38,23.85,West
651,Toyota,ModelI,2022,Diesel,Automatic,72163.0,32.16,11.72,West
597,Honda,ModelB,2008,CNG,Automatic,13876.0,19.22,36.02,East
373,Ford,ModelD,2014,Diesel,Manual,142605.0,38.02,32.15,East
407,Hyundai,ModelF,2020,Petrol,Manual,,48.72,25.07,North
274,Mercedes,ModelJ,2017,CNG,Automatic,12008.0,18.6,5.63,North
112,Hyundai,ModelB,2018,Electric,Manual,86422.0,4.58,15.59,North
409,Hyundai,ModelA,2007,Electric,Automatic,108844.0,2.46,34.17,East
822,Mahindra,ModelA,2010,CNG,Automatic,112792.0,38.18,22.25,North
403,Mercedes,ModelI,2018,Petrol,Manual,21555.0,31.52,32.96,East
585,BMW,ModelE,2013,Petrol,Automatic,149993.0,15.01,20.27,West
167,Kia,ModelE,2006,Electric,Automatic,98715.0,10.38,17.89,South
66,Kia,ModelG,2024,Petrol,Manual,152735.0,31.96,9.58,West
19,Audi,ModelE,2007,Petrol,Automatic,144707.0,21.83,13.14,North
864,Hyundai,ModelG,2016,Electric,Automatic,152646.0,9.92,29.78,West
278,Hyundai,ModelJ,2009,Electric,Automatic,95909.0,9.71,37.31,West
622,Audi,ModelG,2020,CNG,Automatic,123222.0,27.51,10.14,West
465,Kia,ModelH,2005,CNG,Manual,90058.0,7.54,6.08,East
909,Hyundai,ModelD,2019,Diesel,Manual,109718.0,16.38,8.37,North
427,Audi,ModelJ,2012,CNG,Manual,92902.0,4.26,18.1,West
929,Tata,ModelD,2013,Petrol,Manual,159721.0,32.25,18.8,East
526,Mahindra,ModelE,2019,Electric,Manual,83291.0,23.61,28.11,East
818,Tata,ModelD,2021,Electric,Automatic,59962.0,46.21,1.21,East
245,Audi,ModelJ,2016,Electric,Manual,176946.0,26.8,22.29,East
834,Audi,ModelB,2005,Diesel,Automatic,60192.0,45.49,30.94,North
228,Mercedes,ModelI,2016,Petrol,Manual,99634.0,28.28,31.73,West
313,Mahindra,ModelF,2021,CNG,Automatic,16569.0,32.46,5.67,West
115,Toyota,ModelD,2008,Diesel,Manual,11638.0,18.02,22.96,East
455,Tata,ModelJ,2012,Electric,Manual,51418.0,,21.75,West
668,BMW,ModelI,2023,Petrol,Automatic,77572.0,6.95,30.24,South
1082,Tata,ModelE,2018,Electric,Automatic,,43.19,4.39,West
871,Ford,ModelH,2022,CNG,Automatic,168045.0,6.93,17.84,East
584,Audi,ModelE,2017,,Manual,10730.0,36.34,9.71,South
345,Toyota,ModelD,2011,Diesel,Manual,114598.0,33.37,10.03,North
398,Audi,ModelI,2008,Diesel,Automatic,160918.0,16.95,31.9,North
332,Mercedes,ModelC,2012,Electric,Automatic,102799.0,13.63,41.42,East
1054,Tata,ModelH,2005,Petrol,Manual,34511.0,22.63,35.01,West
747,Kia,ModelF,2024,CNG,Manual,120828.0,29.49,36.53,North
878,BMW,ModelB,2005,CNG,Automatic,92924.0,10.8,13.78,East
833,BMW,ModelH,2011,,Automatic,155653.0,49.23,,East
254,Tata,ModelJ,2012,Petrol,Automatic,20989.0,6.59,32.14,West
700,Hyundai,ModelG,2009,Petrol,Automatic,95456.0,5.6,23.89,North
919,BMW,ModelC,2020,Petrol,Manual,,45.81,39.61,East
1107,Toyota,ModelD,2009,Electric,Manual,,9.1,16.68,South
820,Hyundai,ModelI,2014,Diesel,Manual,41561.0,12.67,5.68,North
771,Kia,ModelI,2007,Petrol,Automatic,136250.0,7.99,30.5,East
344,Ford,ModelE,2021,Diesel,Manual,143426.0,28.04,10.16,North
331,Audi,ModelA,2005,Petrol,Manual,74922.0,,20.52,South
1077,Toyota,ModelC,2010,Petrol,Automatic,140440.0,6.97,3.04,East
262,Honda,ModelH,2009,Diesel,Manual,166205.0,12.58,39.35,South
994,Tata,ModelC,2016,Petrol,Manual,31950.0,27.21,1.67,North
766,Mahindra,ModelH,2014,Electric,Manual,195271.0,43.74,15.22,West
884,Tata,ModelD,2008,CNG,Manual,98922.0,44.58,11.69,East
1092,Audi,ModelE,2021,Diesel,Automatic,98297.0,8.43,13.66,North
77,Mahindra,ModelA,2009,CNG,Automatic,156883.0,49.32,6.19,South
758,BMW,ModelJ,2017,Petrol,Manual,192899.0,26.67,11.3,East
68,Tata,ModelC,2019,Petrol,Manual,24053.0,11.14,28.3,West
336,Hyundai,ModelD,2010,Petrol,Manual,,4.26,26.65,East
74,BMW,ModelC,2011,Petrol,Manual,157225.0,36.81,21.74,West
326,Kia,ModelG,2019,Electric,Automatic,55435.0,46.34,28.89,South
1090,Honda,ModelC,2016,Petrol,Manual,31081.0,45.15,15.01,West
887,Mercedes,ModelA,2019,CNG,Manual,178615.0,43.14,21.6,North
97,Mahindra,ModelJ,2024,,Manual,189442.0,3.29,40.1,West
819,Toyota,ModelC,2006,CNG,Manual,25039.0,48.85,42.21,North
560,Ford,ModelA,2007,CNG,Manual,85428.0,39.74,4.13,South
804,Kia,ModelI,2015,Electric,Automatic,73968.0,,19.81,East
1111,Mercedes,ModelI,2022,CNG,Manual,28065.0,20.1,21.07,East
292,Hyundai,ModelH,2016,Diesel,Automatic,32241.0,,14.69,North
1197,Audi,ModelI,2016,CNG,Automatic,171405.0,46.05,15.38,West
265,Mahindra,ModelA,2018,Petrol,Automatic,112286.0,38.08,18.0,North
529,Kia,ModelI,2022,,Automatic,12235.0,20.66,41.0,North
507,Hyundai,ModelG,2005,Electric,Manual,163744.0,3.55,29.02,South
727,Tata,ModelI,2015,Diesel,Automatic,160234.0,45.87,31.29,North
697,BMW,ModelB,2012,Electric,Manual,137534.0,30.94,,North
93,BMW,ModelB,2018,CNG,Automatic,12697.0,12.52,22.71,West
42,Honda,ModelE,2023,CNG,Automatic,10543.0,13.53,6.44,East
1191,Audi,ModelI,2013,CNG,Automatic,54768.0,18.25,44.25,West
778,Tata,ModelB,2012,Petrol,Manual,102462.0,49.75,,West
847,BMW,ModelB,2022,Electric,Manual,59460.0,11.13,29.53,West
892,Ford,ModelE,2010,Diesel,Manual,176277.0,5.76,17.5,South
866,Audi,ModelH,2019,Petrol,Manual,197898.0,19.56,7.99,North
698,BMW,ModelE,2009,Petrol,Manual,125209.0,33.4,24.94,West
1055,Mahindra,ModelE,2021,Diesel,Manual,85960.0,16.71,22.64,North
87,Hyundai,ModelG,2021,CNG,Manual,73312.0,20.6,23.24,South
954,Kia,ModelD,2007,CNG,Manual,12951.0,,33.56,West
637,Honda,ModelC,2015,CNG,Manual,182583.0,16.23,18.88,North
933,Audi,ModelB,2022,Petrol,Automatic,21374.0,,11.4,South
794,Hyundai,ModelI,2008,CNG,Automatic,161863.0,18.48,10.95,North
802,Mercedes,ModelF,2008,Diesel,Manual,25863.0,34.3,7.7,West
75,Tata,ModelE,2013,Diesel,Manual,141319.0,40.22,44.17,West
354,Mahindra,ModelB,2006,Electric,Manual,118181.0,15.88,40.05,South
1048,Mercedes,ModelA,2012,Electric,Manual,61754.0,20.34,,West
978,Tata,ModelA,2007,CNG,Automatic,71985.0,15.3,4.45,South
340,Kia,ModelC,2024,Diesel,Automatic,163223.0,32.19,,North
145,Toyota,ModelG,2020,Electric,Automatic,156317.0,39.87,31.47,East
528,BMW,ModelF,2022,CNG,Manual,195944.0,33.68,18.17,East
49,Mercedes,ModelC,2008,Diesel,Automatic,123843.0,30.77,22.72,South
775,Toyota,ModelJ,2022,Diesel,Manual,12601.0,49.92,32.64,North
443,Toyota,ModelH,2023,Electric,Automatic,111975.0,39.69,41.62,North
578,Hyundai,ModelD,2021,Diesel,Manual,122626.0,5.31,22.89,North
105,Tata,ModelJ,2011,Petrol,Automatic,197230.0,48.18,13.29,North
1021,BMW,ModelD,2008,Petrol,Automatic,193841.0,43.71,13.45,South
763,Kia,ModelE,2015,Electric,Automatic,168639.0,34.82,13.76,West
175,Tata,ModelD,2018,CNG,Automatic,29704.0,10.82,10.73,North
638,BMW,ModelE,2014,Diesel,Manual,34320.0,46.62,38.46,West
516,Kia,ModelE,2020,Electric,Manual,55494.0,8.89,39.45,East
180,Audi,ModelG,2009,Diesel,Manual,59383.0,21.58,9.25,North
324,Kia,ModelC,2007,CNG,Manual,79229.0,12.33,29.54,West
1018,Mercedes,ModelE,2005,Electric,Manual,76792.0,23.19,2.45,East
807,Ford,ModelH,2007,Electric,Manual,102206.0,22.74,15.46,West
476,Tata,ModelH,2017,CNG,Automatic,16279.0,29.37,15.8,South
86,Tata,ModelA,2010,Diesel,Manual,58687.0,5.0,,South
1081,Hyundai,ModelD,2014,CNG,Manual,71766.0,49.9,23.25,South
196,Tata,ModelJ,2023,Electric,Automatic,188736.0,15.82,9.39,South
136,Kia,ModelI,2022,Diesel,Automatic,132775.0,30.03,23.96,South
1001,Toyota,ModelG,2011,Diesel,Manual,28834.0,49.15,11.66,East
435,Kia,ModelF,2019,Electric,Manual,112449.0,7.37,44.27,North
1144,Hyundai,ModelG,2012,Electric,Manual,194637.0,7.73,40.71,South
1151,Ford,ModelH,2017,Electric,Automatic,99598.0,34.12,5.45,East
845,Hyundai,ModelA,2024,Diesel,Automatic,18386.0,28.19,3.56,North
319,Tata,ModelC,2005,Diesel,Automatic,104515.0,,23.37,West
1158,BMW,ModelF,2005,Diesel,Automatic,81396.0,38.7,12.23,East
831,Mahindra,ModelH,2018,CNG,Automatic,76894.0,9.94,36.27,East
32,Hyundai,ModelA,2008,Diesel,Manual,126585.0,13.12,31.07,North
569,Mercedes,ModelA,2021,Diesel,Manual,110973.0,15.36,21.08,West
25,Mahindra,ModelE,2010,CNG,Manual,63741.0,36.81,13.59,North
595,Ford,ModelB,2015,Electric,Automatic,181111.0,16.56,36.57,North
1065,Honda,ModelC,2009,Electric,Automatic,83282.0,,25.38,North
1024,Audi,ModelA,2013,Petrol,Manual,81981.0,30.52,22.21,North
891,Honda,ModelI,2021,CNG,Automatic,13802.0,12.45,,South
588,BMW,ModelA,2006,Diesel,Automatic,131796.0,2.35,26.76,East
1003,Ford,ModelE,2011,Petrol,Manual,48066.0,10.54,23.96,North
1155,Mercedes,ModelF,2013,Petrol,Automatic,,2.03,20.3,North
35,Mercedes,ModelC,2009,,Automatic,92592.0,13.79,19.87,North
607,Kia,ModelB,2019,,Automatic,123248.0,49.66,37.55,West
815,Audi,ModelH,2020,Electric,Automatic,127990.0,4.31,4.31,West
229,Kia,ModelH,2014,CNG,Manual,178503.0,47.3,13.93,South
62,Audi,ModelI,2005,CNG,Manual,167971.0,6.18,26.88,North
545,Mahindra,ModelA,2013,Petrol,Manual,74806.0,7.74,27.64,North
508,Toyota,ModelJ,2012,CNG,Automatic,174489.0,18.12,43.89,North
499,Mahindra,ModelJ,2017,CNG,Manual,162371.0,34.06,37.02,South
783,Honda,ModelA,2008,CNG,Automatic,100865.0,36.35,38.62,North
26,Toyota,ModelD,2018,Diesel,Manual,112049.0,19.3,32.8,South
114,Hyundai,ModelB,2024,CNG,Automatic,166077.0,19.18,23.34,South
1086,Hyundai,ModelD,2012,CNG,Manual,86463.0,37.62,13.34,North
192,Mercedes,ModelC,2012,Petrol,Automatic,110573.0,8.57,44.59,North
449,Toyota,ModelF,2007,Petrol,Manual,123542.0,28.27,28.74,North
657,Mercedes,ModelC,2021,Petrol,Automatic,187520.0,40.73,2.55,South
263,Audi,ModelC,2008,CNG,Automatic,110686.0,26.73,11.45,East
12,Tata,ModelB,2023,CNG,Automatic,20029.0,38.45,4.61,East
1036,Kia,ModelI,2015,CNG,Automatic,131457.0,23.91,44.83,South
522,BMW,ModelG,2018,Diesel,Manual,91126.0,35.93,12.0,North
1173,Toyota,ModelC,2024,Petrol,Automatic,45860.0,22.06,,East
856,Toyota,ModelG,2022,Petrol,Manual,158778.0,7.15,38.42,North
82,Mahindra,ModelH,2017,Electric,Automatic,85077.0,3.97,44.72,West
899,Audi,ModelG,2014,Electric,Automatic,188163.0,31.96,31.42,South
1102,Hyundai,ModelI,2008,CNG,Manual,112392.0,12.35,13.14,North
533,BMW,ModelI,2008,Diesel,Automatic,130849.0,36.47,20.64,North
959,Ford,ModelC,2005,CNG,Automatic,145202.0,38.14,4.36,West
473,Kia,ModelC,2017,Petrol,Manual,132572.0,32.01,28.43,South
1043,Ford,ModelI,2014,Diesel,Automatic,57116.0,24.48,32.86,North
761,Honda,ModelA,2020,Diesel,Manual,37966.0,27.3,6.48,North
490,Honda,ModelE,2013,CNG,Automatic,40081.0,4.67,25.37,East
1154,Hyundai,ModelG,2008,Diesel,Automatic,,16.25,43.83,East
466,Kia,ModelG,2017,Petrol,Automatic,,43.74,15.35,West
876,Kia,ModelF,2016,Electric,Manual,75474.0,22.39,1.21,West
907,Mahindra,ModelF,2021,Electric,Automatic,75990.0,39.99,38.39,West
838,Mercedes,ModelC,2023,Diesel,Manual,81106.0,14.43,34.67,East
71,Tata,ModelC,2019,Diesel,Automatic,94745.0,16.36,5.93,North
456,Kia,ModelB,2010,Diesel,Automatic,198289.0,36.03,43.23,West
125,Toyota,ModelC,2017,Petrol,Automatic,115634.0,16.85,9.76,East
1057,Ford,ModelB,2024,Diesel,Automatic,70776.0,48.3,26.69,West
852,Ford,ModelJ,2019,CNG,Automatic,157117.0,18.11,5.35,West
869,Ford,ModelD,2010,Petrol,Automatic,55906.0,4.63,,South
162,Tata,ModelC,2008,CNG,Automatic,54052.0,6.87,16.62,East
942,BMW,ModelC,2015,Diesel,Manual,150717.0,26.7,30.74,West
883,Honda,ModelF,2016,Electric,Manual,121944.0,8.33,35.78,East
308,BMW,ModelF,2023,Diesel,Manual,22576.0,20.34,24.13,North
361,Ford,ModelI,2023,CNG,Manual,100761.0,34.35,35.51,West
1114,Mahindra,ModelB,2016,Diesel,Automatic,148424.0,,44.18,North
1101,Mercedes,ModelI,2020,Diesel,Manual,21562.0,18.39,34.27,East
148,Mahindra,ModelG,2016,CNG,Automatic,26316.0,,5.61,West
1190,BMW,ModelB,2017,Petrol,Automatic,31502.0,40.66,44.21,North
1094,Honda,ModelF,2015,Diesel,Automatic,,42.52,4.08,West
791,Kia,ModelJ,2009,Petrol,Manual,168402.0,31.75,44.65,North
714,Tata,ModelB,2018,CNG,Automatic,107780.0,12.21,19.75,North
234,Toyota,ModelB,2012,Electric,Manual,6466.0,43.32,31.94,South
21,BMW,ModelB,2010,Petrol,Automatic,125544.0,21.79,4.37,North
492,Mercedes,ModelD,2021,Petrol,Manual,14837.0,4.77,13.46,East
650,Toyota,ModelE,2008,Diesel,Automatic,142844.0,45.19,32.04,East
1167,Audi,ModelF,2011,CNG,Manual,176616.0,6.64,40.05,South
1178,Tata,ModelH,2005,CNG,Manual,105764.0,23.76,37.32,West
1142,Mercedes,ModelC,2015,Diesel,Manual,54589.0,14.78,19.49,North
1152,Kia,ModelH,2017,Diesel,Automatic,87987.0,,1.5,South
128,BMW,ModelJ,2013,CNG,Automatic,176294.0,25.87,29.1,North
1014,Hyundai,ModelE,2023,Electric,Manual,79807.0,4.67,12.34,South
675,Toyota,ModelI,2018,CNG,Manual,187700.0,22.91,35.76,North
740,Tata,ModelF,2008,CNG,Automatic,78324.0,36.36,43.15,North
772,Ford,ModelB,2019,CNG,Manual,22118.0,27.22,13.71,North
590,BMW,ModelJ,2007,CNG,Manual,88286.0,8.69,7.59,West
505,Mahindra,ModelD,2018,Electric,Automatic,118604.0,3.39,20.9,West
642,Audi,ModelB,2019,Petrol,Automatic,176097.0,23.42,11.0,East
923,Ford,ModelE,2019,Electric,Manual,46505.0,5.69,38.6,East
514,Ford,ModelB,2017,Petrol,Automatic,,38.03,30.13,South
1005,BMW,ModelF,2016,Electric,Automatic,130211.0,23.13,1.86,East
276,Toyota,ModelC,2008,CNG,Automatic,163477.0,37.82,28.96,West
816,Honda,ModelE,2006,Petrol,Automatic,92029.0,25.21,24.57,South
279,Audi,ModelJ,2007,Electric,Manual,156899.0,27.79,39.2,East
273,Tata,ModelE,2017,Electric,Manual,51546.0,,30.25,South
1066,BMW,ModelE,2024,CNG,Manual,114779.0,21.53,24.19,West
1078,Mercedes,ModelH,2010,CNG,Automatic,124181.0,35.72,,West
665,Mercedes,ModelH,2017,CNG,Manual,137450.0,22.74,1.48,East
212,Ford,ModelA,2007,Petrol,Automatic,123920.0,24.82,38.38,South
498,Mercedes,ModelD,2011,Electric,Automatic,102624.0,6.35,9.36,West
855,Audi,ModelI,2012,Petrol,Manual,140994.0,26.64,8.58,North
482,Kia,ModelF,2015,CNG,Manual,70524.0,35.04,33.72,South
194,Toyota,ModelB,2014,Petrol,Manual,142900.0,44.88,21.81,North
779,Audi,ModelE,2011,Petrol,Automatic,181336.0,48.39,37.85,North
716,Kia,ModelE,2010,Diesel,Automatic,185702.0,5.08,27.35,South
661,BMW,ModelI,2009,Petrol,Manual,112594.0,43.58,25.19,South
926,Mahindra,ModelB,2018,CNG,Automatic,163029.0,13.37,31.53,West
553,Tata,ModelJ,2017,Electric,Automatic,26650.0,36.14,14.45,North
797,BMW,ModelG,2012,,Automatic,175939.0,17.47,11.29,East
61,Ford,ModelA,2017,Petrol,Manual,163308.0,43.89,6.07,East
269,Toyota,ModelJ,2015,Electric,Automatic,,43.31,6.53,West
320,Honda,ModelD,2024,CNG,Manual,14121.0,41.03,44.64,East
1124,Hyundai,ModelA,2017,Electric,Automatic,134716.0,47.76,5.97,North
544,Kia,ModelE,2019,Petrol,Automatic,89817.0,14.81,4.82,North
8,Mercedes,ModelE,2015,Petrol,Manual,94904.0,29.09,10.26,West
411,Audi,ModelH,2018,Electric,Manual,54056.0,20.04,24.76,East
91,Hyundai,ModelH,2014,Diesel,Automatic,33835.0,25.05,44.81,East
995,Mercedes,ModelG,2014,Petrol,Manual,,11.58,13.48,East
221,Toyota,ModelF,2024,Diesel,Manual,148326.0,49.1,24.56,North
197,BMW,ModelI,2021,CNG,Manual,153955.0,36.79,21.33,North
1180,Mahindra,ModelJ,2024,Petrol,Manual,117224.0,,22.12,North
589,Audi,ModelC,2007,Electric,Automatic,86533.0,26.44,23.93,North
362,Kia,ModelA,2018,,Manual,118753.0,2.8,22.69,North
297,BMW,ModelJ,2016,Diesel,Manual,177275.0,14.12,,East
1143,BMW,ModelJ,2014,CNG,Manual,40897.0,3.5,42.52,South
299,Hyundai,ModelB,2006,Diesel,Manual,197933.0,42.67,36.24,East
259,Mahindra,ModelH,2009,CNG,Manual,84878.0,9.9,30.42,North
734,Mahindra,ModelJ,2023,Diesel,Automatic,175062.0,4.74,26.51,South
987,Kia,ModelD,2010,Diesel,Manual,129342.0,33.89,13.0,West
410,BMW,ModelJ,2015,CNG,Manual,96321.0,5.61,28.37,West
670,Kia,ModelA,2014,Petrol,Automatic,68212.0,25.45,8.83,North
510,Mahindra,ModelC,2023,,Automatic,70066.0,40.24,3.64,East
1159,BMW,ModelB,2011,Petrol,Automatic,95678.0,5.8,38.77,South
133,Hyundai,ModelA,2022,CNG,Automatic,108533.0,17.64,27.88,North
1200,BMW,ModelF,2017,Diesel,Manual,40398.0,27.33,3.14,South
756,Audi,ModelJ,2007,Diesel,Automatic,123027.0,3.2,34.89,West
711,Mahindra,ModelE,2021,CNG,Automatic,91971.0,38.86,14.76,East
190,Mercedes,ModelF,2016,Petrol,Automatic,152698.0,38.0,41.37,West
762,Toyota,ModelJ,2022,Petrol,Manual,163849.0,29.96,43.34,North
683,Mercedes,ModelH,2007,Petrol,Automatic,70756.0,45.17,32.9,North
478,Mahindra,ModelC,2021,CNG,Manual,65610.0,47.23,44.09,West
839,Ford,ModelF,2023,CNG,Manual,53665.0,44.18,16.68,East
95,Mercedes,ModelJ,2009,CNG,Manual,153118.0,30.63,1.7,West
450,Hyundai,ModelJ,2016,Diesel,Manual,111438.0,44.74,33.88,North
208,Hyundai,ModelI,2013,Electric,Manual,159226.0,18.19,43.31,West
255,Ford,ModelC,2010,Electric,Automatic,33931.0,22.12,16.84,North
643,Toyota,ModelB,2014,CNG,Manual,7159.0,28.59,,North
550,BMW,ModelJ,2006,CNG,Manual,100345.0,37.87,26.97,South
367,Tata,ModelG,2010,Electric,Automatic,78984.0,30.09,4.32,South
666,BMW,ModelF,2006,CNG,Manual,50201.0,49.95,19.33,West
903,BMW,ModelG,2009,CNG,Automatic,43737.0,2.18,,North
659,Toyota,ModelB,2020,Petrol,Automatic,5901.0,,35.61,West
676,Hyundai,ModelA,2016,Electric,Automatic,66360.0,8.2,29.13,North
970,BMW,ModelG,2017,CNG,Manual,93388.0,41.05,44.86,North
494,Mercedes,ModelB,2021,CNG,Automatic,123128.0,4.83,27.12,East
172,Toyota,ModelA,2021,CNG,Automatic,162753.0,7.96,18.19,West
158,Hyundai,ModelD,2016,CNG,Manual,52014.0,11.26,3.08,North
685,Kia,ModelB,2019,Petrol,Manual,199454.0,20.56,23.81,South
497,Mercedes,ModelI,2013,CNG,Automatic,117651.0,16.18,30.76,East
1192,Honda,ModelJ,2008,Electric,Automatic,53128.0,4.66,41.7,West
266,Ford,ModelI,2023,Electric,Automatic,45475.0,45.5,12.76,South
240,Hyundai,ModelB,2012,Electric,Automatic,196811.0,13.11,1.59,West
151,Hyundai,ModelE,2022,Petrol,Manual,35791.0,42.15,25.89,East
464,Tata,ModelD,2014,Electric,Automatic,81946.0,5.57,11.23,West
966,Ford,ModelB,2016,Diesel,Automatic,112357.0,43.23,28.99,North
445,Tata,ModelD,2011,Petrol,Automatic,121041.0,47.38,39.46,East
29,Mercedes,ModelE,2024,Petrol,Automatic,153725.0,28.18,26.67,North
205,Hyundai,ModelF,2019,CNG,Manual,176817.0,5.03,30.23,East
1156,Mercedes,ModelF,2006,Diesel,Automatic,44886.0,48.23,24.79,West
531,Mercedes,ModelH,2008,,Automatic,67712.0,14.6,34.84,South
439,Ford,ModelG,2012,Electric,Automatic,110924.0,49.36,13.62,West
673,BMW,ModelE,2023,Petrol,Manual,27499.0,14.82,,East
1185,Ford,ModelA,2013,CNG,Automatic,61633.0,19.22,37.66,East
1020,BMW,ModelE,2017,Diesel,Automatic,42052.0,15.97,24.06,East
709,Honda,ModelC,2011,Petrol,Manual,52645.0,27.88,7.9,West
356,Audi,ModelA,2010,Petrol,Automatic,143442.0,33.86,15.8,East
468,Honda,ModelG,2007,Petrol,Automatic,48129.0,36.22,41.71,South
623,Toyota,ModelJ,2024,CNG,Automatic,90216.0,23.98,36.15,East
757,Toyota,ModelI,2009,CNG,Manual,21932.0,36.59,33.9,North
882,Audi,ModelE,2006,Electric,Automatic,21766.0,12.86,43.83,East
641,Toyota,ModelJ,2010,Petrol,Manual,73116.0,4.53,11.76,North
1091,Honda,ModelJ,2005,CNG,Automatic,29354.0,31.94,33.16,South
36,BMW,ModelF,2020,Petrol,Manual,99543.0,40.99,9.32,South
81,Mercedes,ModelA,2007,Petrol,Automatic,143261.0,,,South
1075,Audi,ModelC,2018,Diesel,Automatic,189054.0,46.4,21.75,North
916,BMW,ModelH,2014,Electric,Automatic,111337.0,10.35,16.52,West
416,BMW,ModelA,2009,CNG,Automatic,67320.0,4.52,18.86,North
396,Toyota,ModelA,2018,,Manual,170565.0,4.99,42.72,North
349,Honda,ModelE,2019,Diesel,Manual,141109.0,8.4,39.98,North
1149,Toyota,ModelE,2007,CNG,Automatic,60830.0,43.59,5.55,North
429,Ford,ModelB,2019,,Automatic,76334.0,11.06,40.22,North
538,Kia,ModelA,2012,CNG,Automatic,,35.13,21.89,East
413,BMW,ModelA,2009,Petrol,Automatic,103234.0,2.34,33.01,West
713,Toyota,ModelC,2013,Diesel,Manual,195195.0,30.24,7.08,North
1120,Audi,ModelF,2020,Petrol,Manual,16962.0,2.69,8.73,North
561,Ford,ModelI,2024,Petrol,Manual,14943.0,21.45,16.21,West
1,Mercedes,ModelI,2014,Electric,Automatic,109940.0,41.59,25.53,West
647,Kia,ModelI,2009,Electric,Automatic,197147.0,16.6,6.74,North
195,Audi,ModelI,2007,Electric,Automatic,62514.0,20.62,23.87,West
139,Audi,ModelJ,2010,CNG,Manual,199180.0,6.04,41.77,West
1062,Toyota,ModelA,2022,Petrol,Manual,177982.0,21.81,8.58,West
235,BMW,ModelJ,2013,CNG,Automatic,35771.0,18.62,1.95,South
303,Toyota,ModelD,2005,Diesel,Manual,106894.0,,41.3,West
604,Hyundai,ModelD,2009,Petrol,Automatic,138913.0,10.78,29.44,South
503,Toyota,ModelB,2015,Petrol,Automatic,107166.0,2.66,33.89,North
600,Toyota,ModelH,2006,CNG,Automatic,199795.0,6.39,42.04,West
243,Ford,ModelH,2024,Petrol,Manual,35573.0,43.69,38.34,South
705,Honda,ModelG,2017,Diesel,Automatic,88434.0,6.41,36.49,North
127,Ford,ModelH,2016,CNG,Automatic,104572.0,26.75,1.1,West
333,Kia,ModelI,2007,Diesel,Automatic,,11.77,20.38,East
983,Hyundai,ModelA,2016,Electric,Manual,36551.0,44.33,20.69,South
55,Tata,ModelB,2005,CNG,Manual,31270.0,29.99,5.84,South
307,Ford,ModelA,2013,,Automatic,36728.0,2.42,30.81,East
609,Audi,ModelG,2023,Electric,Manual,35341.0,,27.73,West
1002,Tata,ModelB,2005,Diesel,Automatic,39474.0,20.38,41.68,North
905,BMW,ModelC,2016,Petrol,Automatic,119165.0,18.78,26.39,East
870,Hyundai,ModelH,2021,CNG,Automatic,5463.0,2.85,26.05,East
381,Toyota,ModelI,2023,Diesel,Manual,108780.0,23.29,19.96,West
547,Kia,ModelH,2006,Diesel,Automatic,75219.0,7.11,30.6,North
502,Toyota,ModelD,2023,,Automatic,74453.0,41.23,16.01,South
163,Mahindra,ModelH,2014,Electric,Automatic,19389.0,,23.14,West
759,Mahindra,ModelH,2019,Diesel,Automatic,197503.0,31.08,3.64,South
830,BMW,ModelE,2012,CNG,Automatic,153369.0,46.54,6.08,East
880,Hyundai,ModelG,2023,Electric,Automatic,27504.0,24.42,7.47,West
101,Honda,ModelG,2008,Diesel,Automatic,81436.0,21.0,25.93,South
879,Ford,ModelH,2015,Diesel,Automatic,39980.0,2.33,39.82,South
1170,Kia,ModelH,2022,Electric,Manual,111102.0,38.63,31.62,East
619,BMW,ModelB,2009,Petrol,Manual,136562.0,4.52,18.64,West
400,Tata,ModelF,2012,CNG,Manual,158267.0,26.13,16.69,East
931,Tata,ModelJ,2013,Electric,Manual,39758.0,18.53,32.05,North
543,Tata,ModelE,2023,Diesel,Manual,128246.0,,9.6,North
483,BMW,ModelA,2024,Petrol,Automatic,11470.0,37.94,34.01,North
1116,Hyundai,ModelE,2006,CNG,Manual,109127.0,27.75,14.85,South
728,BMW,ModelG,2005,,Manual,142080.0,49.09,12.43,North
1041,Mahindra,ModelJ,2011,Diesel,Automatic,36601.0,16.51,24.23,North
1050,Honda,ModelA,2008,CNG,Automatic,,43.05,15.38,West
166,Toyota,ModelB,2021,CNG,Automatic,110058.0,4.75,23.05,North
902,Toyota,ModelB,2017,Electric,Manual,183838.0,15.03,19.23,North
244,Tata,ModelE,2010,Electric,Manual,101907.0,,40.1,West
1028,Audi,ModelE,2019,Petrol,Manual,177857.0,12.45,14.62,West
918,BMW,ModelF,2009,Electric,Automatic,151653.0,29.82,21.79,West
368,BMW,ModelC,2020,Diesel,Automatic,179462.0,14.31,28.19,North
1134,Audi,ModelF,2022,Petrol,Automatic,37769.0,27.75,28.98,East
975,Ford,ModelI,2008,Diesel,Automatic,98348.0,32.08,23.25,South
913,Audi,ModelF,2023,Petrol,Manual,58634.0,,30.58,West
1027,Toyota,ModelG,2017,,Manual,138881.0,5.92,2.9,South
41,Mahindra,ModelF,2023,Electric,Automatic,118985.0,36.31,6.44,North
491,Toyota,ModelD,2009,Petrol,Automatic,186455.0,8.2,,West
64,Kia,ModelJ,2010,Petrol,Automatic,72708.0,35.19,9.83,South
626,BMW,ModelB,2005,Petrol,Automatic,26398.0,29.33,13.48,West
135,Honda,ModelF,2008,CNG,Manual,74590.0,28.66,40.34,North
639,Mercedes,ModelE,2023,Electric,Automatic,39924.0,7.98,,West
836,Audi,ModelF,2013,Petrol,Manual,133848.0,,28.67,East
